,NODELIST,CPUS,MEMORY,AVAIL_FEATURES,PARTITION,TOTAL_NODES,TOTAL_CPUS,MEMORY[GB/node],MEMORY[GB/cpu],NODE(Example),NodeName,Arch,CpuBind,CoresPerSocket,CPUAlloc,CPUEfctv,CPUTot,CPULoad,AvailableFeatures,ActiveFeatures,Gres,NodeAddr,NodeHostName,Version,OS,RealMemory,AllocMem,FreeMem,Sockets,Boards,State,ThreadsPerCore,TmpDisk,Weight,Owner,MCS_label,Partitions,BootTime,SlurmdStartTime,LastBusyTime,ResumeAfterTime,CfgTRES,AllocTRES,CurrentWatts,AveWatts,IB,CPU_MNF,CPU_GEN,CPU_SKU,CPU_FRQ,CLASS,GPU_GEN,GPU_BRD,GPU_SKU,GPU_MEM,GPU_CC
0,"sh02-06n[05-12,57-72],sh02-07n[01-03],sh02-08n[37-56],sh02-09n16,sh02-10n[01-04,41-60]",24,191000,"IB:EDR,CPU_MNF:INTEL,CPU_GEN:SKX,CPU_SKU:5118,CPU_FRQ:2.30GHz,NO_GPU",normal*,72,1728.0,186.5,7.77,sh02-06n05,sh02-06n05,x86_64,cores,12,23,24,24,17.49,"IB:EDR,CPU_MNF:INTEL,CPU_GEN:SKX,CPU_SKU:5118,CPU_FRQ:2.30GHz,NO_GPU","IB:EDR,CPU_MNF:INTEL,CPU_GEN:SKX,CPU_SKU:5118,CPU_FRQ:2.30GHz,NO_GPU",(null),sh02-06n05,sh02-06n05,25.11.5,Linux,191000,163840,149198,2,1,MIXED,1,190000,103181,N/A,N/A,normal,2026-01-27T17:05:35,2026-04-30T09:13:14,2026-04-27T07:41:40,None,"cpu=24,mem=191000M,billing=70","cpu=23,mem=160G",177,129,EDR,INTEL,SKX,5118,2.30GHz,,,,,,
1,"sh03-07n[61-64],sh03-08n[25-48]",32,256000,"IB:HDR,CPU_MNF:AMD,CPU_GEN:MLN,CPU_SKU:7543,CPU_FRQ:2.75GHz,NO_GPU,CLASS:SH3_CBASE.1",normal*,28,896.0,250.0,7.81,sh03-07n61,sh03-07n61,x86_64,cores,16,31,32,32,26.77,"IB:HDR,CPU_MNF:AMD,CPU_GEN:MLN,CPU_SKU:7543,CPU_FRQ:2.75GHz,NO_GPU,CLASS:SH3_CBASE.1","IB:HDR,CPU_MNF:AMD,CPU_GEN:MLN,CPU_SKU:7543,CPU_FRQ:2.75GHz,NO_GPU,CLASS:SH3_CBASE.1",(null),sh03-07n61,sh03-07n61,25.11.5,Linux,256000,231280,220655,2,1,MIXED,1,3000000,104361,N/A,N/A,normal,2026-01-27T16:12:52,2026-04-30T09:13:14,2026-05-03T11:43:06,None,"cpu=32,mem=250G,billing=94","cpu=31,mem=231280M",247,144,HDR,AMD,MLN,7543,2.75GHz,SH3_CBASE.1,,,,,
2,"sh02-01n[01-04,06-56],sh02-02n[41-44,46-48]",20,128000,"IB:EDR,CPU_MNF:INTEL,CPU_GEN:BDW,CPU_SKU:E5-2640v4,CPU_FRQ:2.40GHz,NO_GPU",normal*,62,1240.0,125.0,6.25,sh02-01n01,sh02-01n01,x86_64,cores,10,20,20,20,12.71,"IB:EDR,CPU_MNF:INTEL,CPU_GEN:BDW,CPU_SKU:E5-2640v4,CPU_FRQ:2.40GHz,NO_GPU","IB:EDR,CPU_MNF:INTEL,CPU_GEN:BDW,CPU_SKU:E5-2640v4,CPU_FRQ:2.40GHz,NO_GPU",(null),sh02-01n01,sh02-01n01,25.11.5,Linux,128000,99776,87289,2,1,ALLOCATED,1,120000,102091,N/A,N/A,normal,2026-01-27T16:39:22,2026-04-30T09:13:14,2026-04-21T11:23:08,None,"cpu=20,mem=125G,billing=51","cpu=20,mem=99776M",153,83,EDR,INTEL,BDW,E5-2640v4,2.40GHz,,,,,,
3,sh03-01n[01-70],32,256000,"IB:HDR,CPU_MNF:AMD,CPU_GEN:RME,CPU_SKU:7502,CPU_FRQ:2.50GHz,NO_GPU,CLASS:SH3_CBASE",normal*,70,2240.0,250.0,7.81,sh03-01n01,sh03-01n01,x86_64,cores,16,32,32,32,8.99,"IB:HDR,CPU_MNF:AMD,CPU_GEN:RME,CPU_SKU:7502,CPU_FRQ:2.50GHz,NO_GPU,CLASS:SH3_CBASE","IB:HDR,CPU_MNF:AMD,CPU_GEN:RME,CPU_SKU:7502,CPU_FRQ:2.50GHz,NO_GPU,CLASS:SH3_CBASE",(null),sh03-01n01,sh03-01n01,25.11.5,Linux,256000,179072,218958,2,1,ALLOCATED,1,1900000,104371,N/A,N/A,normal,2026-02-16T01:21:39,2026-04-30T09:13:14,2026-04-27T11:36:52,None,"cpu=32,mem=250G,billing=94","cpu=32,mem=179072M",115,103,HDR,AMD,RME,7502,2.50GHz,SH3_CBASE,,,,,
4,sh04-01n[14-15],64,384000,"IB:NDR,CPU_MNF:AMD,CPU_GEN:GEN,CPU_SKU:9384X,CPU_FRQ:3.10GHz,NO_GPU,CLASS:SH4_CPERF",normal*,2,128.0,375.0,5.86,sh04-01n14,sh04-01n14,x86_64,cores,16,64,64,64,58.72,"IB:NDR,CPU_MNF:AMD,CPU_GEN:GEN,CPU_SKU:9384X,CPU_FRQ:3.10GHz,NO_GPU,CLASS:SH4_CPERF","IB:NDR,CPU_MNF:AMD,CPU_GEN:GEN,CPU_SKU:9384X,CPU_FRQ:3.10GHz,NO_GPU,CLASS:SH4_CPERF",(null),sh04-01n14,sh04-01n14,25.11.5,Linux,384000,245760,236387,4,1,ALLOCATED,1,3500000,105741,N/A,N/A,normal,2026-01-27T17:12:56,2026-04-30T09:13:15,2026-05-04T10:48:30,None,"cpu=64,mem=375G,billing=157","cpu=64,mem=240G",884,851,NDR,AMD,GEN,9384X,3.10GHz,SH4_CPERF,,,,,
5,"sh04-01n[17-30],sh04-13n[29-32],sh04-14n[17-32]",24,192000,"IB:NDR,CPU_MNF:AMD,CPU_GEN:SIE,CPU_SKU:8224P,CPU_FRQ:2.55GHz,NO_GPU,CLASS:SH4_CBASE",normal*,34,816.0,187.5,7.81,sh04-01n17,sh04-01n17,x86_64,cores,24,24,24,24,12.26,"IB:NDR,CPU_MNF:AMD,CPU_GEN:SIE,CPU_SKU:8224P,CPU_FRQ:2.55GHz,NO_GPU,CLASS:SH4_CBASE","IB:NDR,CPU_MNF:AMD,CPU_GEN:SIE,CPU_SKU:8224P,CPU_FRQ:2.55GHz,NO_GPU,CLASS:SH4_CBASE",(null),sh04-01n17,sh04-01n17,25.11.5,Linux,192000,153168,127988,1,1,ALLOCATED,1,3500000,103141,N/A,N/A,normal,2026-02-01T15:10:10,2026-04-30T09:13:15,2026-04-16T17:46:15,None,"cpu=24,mem=187.50G,billing=70","cpu=24,mem=153168M",163,149,NDR,AMD,SIE,8224P,2.55GHz,SH4_CBASE,,,,,
6,sh02-09n[45-48],24,384000,"IB:EDR,CPU_MNF:INTEL,CPU_GEN:SKX,CPU_SKU:5118,CPU_FRQ:2.30GHz,NO_GPU",bigmem,4,96.0,375.0,15.62,sh02-09n45,sh02-09n45,x86_64,cores,12,16,24,24,0.06,"IB:EDR,CPU_MNF:INTEL,CPU_GEN:SKX,CPU_SKU:5118,CPU_FRQ:2.30GHz,NO_GPU","IB:EDR,CPU_MNF:INTEL,CPU_GEN:SKX,CPU_SKU:5118,CPU_FRQ:2.30GHz,NO_GPU",(null),sh02-09n45,sh02-09n45,25.11.5,Linux,384000,262144,262798,2,1,MIXED+PLANNED,1,190000,105181,N/A,N/A,bigmem,2026-01-27T16:13:51,2026-04-30T09:13:14,2026-05-04T11:18:28,None,"cpu=24,mem=375G,billing=117","cpu=16,mem=256G",127,126,EDR,INTEL,SKX,5118,2.30GHz,,,,,,
7,sh02-12n02,32,512000,"IB:EDR,CPU_MNF:INTEL,CPU_GEN:BDW,CPU_SKU:E5-2697Av4,CPU_FRQ:2.60GHz,NO_GPU",bigmem,1,32.0,500.0,15.62,sh02-12n02,sh02-12n02,x86_64,cores,16,5,32,32,0.04,"IB:EDR,CPU_MNF:INTEL,CPU_GEN:BDW,CPU_SKU:E5-2697Av4,CPU_FRQ:2.60GHz,NO_GPU","IB:EDR,CPU_MNF:INTEL,CPU_GEN:BDW,CPU_SKU:E5-2697Av4,CPU_FRQ:2.60GHz,NO_GPU",(null),sh02-12n02,sh02-12n02,25.11.5,Linux,512000,266240,314876,2,1,MIXED+PLANNED,1,160000,106391,N/A,N/A,bigmem,2026-05-03T00:24:05,2026-05-03T00:25:03,2026-05-04T11:00:54,None,"cpu=32,mem=500G,billing=157","cpu=5,mem=260G",124,119,EDR,INTEL,BDW,E5-2697Av4,2.60GHz,,,,,,
8,sh03-12n17,64,4096000,"IB:HDR,CPU_MNF:AMD,CPU_GEN:RME,CPU_SKU:7502,CPU_FRQ:2.50GHz,NO_GPU,CLASS:SH3_CBIGMEM",bigmem,1,64.0,4000.0,62.5,sh03-12n17,sh03-12n17,x86_64,cores,16,63,64,64,4.98,"IB:HDR,CPU_MNF:AMD,CPU_GEN:RME,CPU_SKU:7502,CPU_FRQ:2.50GHz,NO_GPU,CLASS:SH3_CBIGMEM","IB:HDR,CPU_MNF:AMD,CPU_GEN:RME,CPU_SKU:7502,CPU_FRQ:2.50GHz,NO_GPU,CLASS:SH3_CBIGMEM",(null),sh03-12n17,sh03-12n17,25.11.5,Linux,4096000,3883009,3996032,4,1,MIXED+PLANNED,1,3000000,109771,N/A,N/A,bigmem,2026-01-27T16:46:25,2026-04-30T09:13:15,2026-05-04T15:53:58,None,"cpu=64,mem=4000G,billing=1064","cpu=63,mem=3883009M",406,376,HDR,AMD,RME,7502,2.50GHz,SH3_CBIGMEM,,,,,
9,sh04-01n13,256,1536000,"IB:NDR,CPU_MNF:AMD,CPU_GEN:BGM,CPU_SKU:9754,CPU_FRQ:2.25GHz,NO_GPU,CLASS:SH4_CSCALE",bigmem,1,256.0,1500.0,5.86,sh04-01n13,sh04-01n13,x86_64,cores,64,186,256,256,85.01,"IB:NDR,CPU_MNF:AMD,CPU_GEN:BGM,CPU_SKU:9754,CPU_FRQ:2.25GHz,NO_GPU,CLASS:SH4_CSCALE","IB:NDR,CPU_MNF:AMD,CPU_GEN:BGM,CPU_SKU:9754,CPU_FRQ:2.25GHz,NO_GPU,CLASS:SH4_CSCALE",(null),sh04-01n13,sh04-01n13,25.11.5,Linux,1536000,1400832,831103,4,1,MIXED+PLANNED,1,7000000,107941,N/A,N/A,bigmem,2026-04-08T22:22:51,2026-04-30T09:13:15,2026-04-30T06:49:17,None,"cpu=256,mem=1500G,billing=631","cpu=186,mem=1368G",527,502,NDR,AMD,BGM,9754,2.25GHz,SH4_CSCALE,,,,,
10,sh04-01n16,64,4096000,"IB:NDR,CPU_MNF:INTEL,CPU_GEN:SPR,CPU_SKU:8462Y+,CPU_FRQ:2.80GHz,NO_GPU,CLASS:SH4_CBIGMEM",bigmem,1,64.0,4000.0,62.5,sh04-01n16,sh04-01n16,x86_64,cores,16,60,64,64,0.98,"IB:NDR,CPU_MNF:INTEL,CPU_GEN:SPR,CPU_SKU:8462Y+,CPU_FRQ:2.80GHz,NO_GPU,CLASS:SH4_CBIGMEM","IB:NDR,CPU_MNF:INTEL,CPU_GEN:SPR,CPU_SKU:8462Y+,CPU_FRQ:2.80GHz,NO_GPU,CLASS:SH4_CBIGMEM",(null),sh04-01n16,sh04-01n16,25.11.5,Linux,4096000,1753088,3907130,4,1,MIXED+PLANNED,1,7000000,109751,N/A,N/A,bigmem,2026-02-16T21:02:24,2026-04-30T09:13:15,2026-05-04T10:34:04,None,"cpu=64,mem=4000G,billing=1064","cpu=60,mem=1712G",488,466,NDR,INTEL,SPR,8462Y+,2.80GHz,SH4_CBIGMEM,,,,,
11,sh03-12n[18-19],128,1024000,"IB:HDR,CPU_MNF:AMD,CPU_GEN:RME,CPU_SKU:7742,CPU_FRQ:2.25GHz,NO_GPU,CLASS:SH3_CPERF",bigmem,2,256.0,1000.0,7.81,sh03-12n18,sh03-12n18,x86_64,cores,32,22,128,128,1.02,"IB:HDR,CPU_MNF:AMD,CPU_GEN:RME,CPU_SKU:7742,CPU_FRQ:2.25GHz,NO_GPU,CLASS:SH3_CPERF","IB:HDR,CPU_MNF:AMD,CPU_GEN:RME,CPU_SKU:7742,CPU_FRQ:2.25GHz,NO_GPU,CLASS:SH3_CPERF",(null),sh03-12n18,sh03-12n18,25.11.5,Linux,1024000,880640,837543,4,1,MIXED,1,3000000,107871,N/A,N/A,bigmem,2026-04-27T10:38:38,2026-04-30T09:13:15,2026-05-03T08:17:40,None,"cpu=128,mem=1000G,billing=378","cpu=22,mem=860G",373,343,HDR,AMD,RME,7742,2.25GHz,SH3_CPERF,,,,,
12,sh02-12n01,56,3072000,"IB:EDR,CPU_MNF:INTEL,CPU_GEN:BDW,CPU_SKU:E5-4650v4,CPU_FRQ:2.20GHz,NO_GPU",bigmem,1,56.0,3000.0,53.57,sh02-12n01,sh02-12n01,x86_64,cores,14,56,56,56,3.89,"IB:EDR,CPU_MNF:INTEL,CPU_GEN:BDW,CPU_SKU:E5-4650v4,CPU_FRQ:2.20GHz,NO_GPU","IB:EDR,CPU_MNF:INTEL,CPU_GEN:BDW,CPU_SKU:E5-4650v4,CPU_FRQ:2.20GHz,NO_GPU",(null),sh02-12n01,sh02-12n01,25.11.5,Linux,3072000,1769472,2618208,4,1,ALLOCATED,1,160000,109691,N/A,N/A,bigmem,2026-01-27T16:51:46,2026-04-30T09:13:14,2026-04-26T06:17:43,None,"cpu=56,mem=3000G,billing=806","cpu=56,mem=1728G",440,277,EDR,INTEL,BDW,E5-4650v4,2.20GHz,,,,,,
13,sh02-01n[57-58],20,128000,"IB:EDR,CPU_MNF:INTEL,CPU_GEN:BDW,CPU_SKU:E5-2640v4,CPU_FRQ:2.40GHz,NO_GPU",dev,2,40.0,125.0,6.25,sh02-01n57,sh02-01n57,x86_64,cores,10,18,20,20,2.21,"IB:EDR,CPU_MNF:INTEL,CPU_GEN:BDW,CPU_SKU:E5-2640v4,CPU_FRQ:2.40GHz,NO_GPU","IB:EDR,CPU_MNF:INTEL,CPU_GEN:BDW,CPU_SKU:E5-2640v4,CPU_FRQ:2.40GHz,NO_GPU",(null),sh02-01n57,sh02-01n57,25.11.5,Linux,128000,68096,34564,2,1,MIXED,1,120000,102091,N/A,N/A,dev,2026-04-08T20:18:44,2026-04-30T09:13:14,2026-05-04T04:34:39,None,"cpu=20,mem=125G,billing=51","cpu=18,mem=66.50G",106,53,EDR,INTEL,BDW,E5-2640v4,2.40GHz,,,,,,
14,sh03-17n[14-15],32,256000,"IB:HDR,CPU_MNF:AMD,CPU_GEN:MLN,CPU_SKU:7543P,CPU_FRQ:2.75GHz,GPU_GEN:AMP,GPU_BRD:TESLA,GPU_SKU:A30_M",dev,2,64.0,250.0,7.81,sh03-17n14,sh03-17n14,x86_64,cores,16,24,32,32,2.63,"IB:HDR,CPU_MNF:AMD,CPU_GEN:MLN,CPU_SKU:7543P,CPU_FRQ:2.75GHz,GPU_GEN:AMP,GPU_BRD:TESLA,GPU_SKU:A30_MIG-1g.6gb,GPU_MEM:6GB,GPU_CC:8.0,CLASS:SH3_G8FP64m","IB:HDR,CPU_MNF:AMD,CPU_GEN:MLN,CPU_SKU:7543P,CPU_FRQ:2.75GHz,GPU_GEN:AMP,GPU_BRD:TESLA,GPU_SKU:A30_MIG-1g.6gb,GPU_MEM:6GB,GPU_CC:8.0,CLASS:SH3_G8FP64m",gpu:32(S:0-1),sh03-17n14,sh03-17n14,25.11.5,Linux,256000,98304,77441,2,1,MIXED,1,3600000,164361,N/A,N/A,dev,2026-03-10T18:35:54,2026-04-30T09:13:17,2026-05-04T09:37:37,None,"cpu=32,mem=250G,billing=574,gres/gpu=32","cpu=24,mem=96G,gres/gpu=2",677,610,HDR,AMD,MLN,7543P,2.75GHz,SH3_G8FP64m,AMP,TESLA,A30_MIG-1g.6gb,6GB,8.0
15,sh03-13n[01-02],32,256000,"IB:HDR,CPU_MNF:AMD,CPU_GEN:RME,CPU_SKU:7502P,CPU_FRQ:2.50GHz,GPU_GEN:VLT,GPU_BRD:TESLA,GPU_SKU:V100S",gpu,2,64.0,250.0,7.81,sh03-13n01,sh03-13n01,x86_64,cores,16,28,32,32,8.62,"IB:HDR,CPU_MNF:AMD,CPU_GEN:RME,CPU_SKU:7502P,CPU_FRQ:2.50GHz,GPU_GEN:VLT,GPU_BRD:TESLA,GPU_SKU:V100S_PCIE,GPU_MEM:32GB,GPU_CC:7.0,CLASS:SH3_G4FP64","IB:HDR,CPU_MNF:AMD,CPU_GEN:RME,CPU_SKU:7502P,CPU_FRQ:2.50GHz,GPU_GEN:VLT,GPU_BRD:TESLA,GPU_SKU:V100S_PCIE,GPU_MEM:32GB,GPU_CC:7.0,CLASS:SH3_G4FP64",gpu:4(S:0-1),sh03-13n01,sh03-13n01,25.11.5,Linux,256000,200120,183325,2,1,MIXED+PLANNED,1,3600000,144371,N/A,N/A,gpu,2026-03-20T16:02:56,2026-04-30T09:13:15,2026-04-18T06:41:00,None,"cpu=32,mem=250G,billing=154,gres/gpu=4","cpu=28,mem=200120M,gres/gpu=4",1060,782,HDR,AMD,RME,7502P,2.50GHz,SH3_G4FP64,VLT,TESLA,V100S_PCIE,32GB,7.0
16,sh04-01n01,64,2048000,"IB:NDR,CPU_MNF:INTEL,CPU_GEN:SPR,CPU_SKU:8462Y+,CPU_FRQ:2.80GHz,GPU_GEN:HPR,GPU_BRD:TESLA,GPU_SKU:H1",gpu,1,64.0,2000.0,31.25,sh04-01n01,sh04-01n01,x86_64,cores,16,63,64,64,7.01,"IB:NDR,CPU_MNF:INTEL,CPU_GEN:SPR,CPU_SKU:8462Y+,CPU_FRQ:2.80GHz,GPU_GEN:HPR,GPU_BRD:TESLA,GPU_SKU:H100_SXM5,GPU_MEM:80GB,GPU_CC:9.0,CLASS:SH4_G8TF64","IB:NDR,CPU_MNF:INTEL,CPU_GEN:SPR,CPU_SKU:8462Y+,CPU_FRQ:2.80GHz,GPU_GEN:HPR,GPU_BRD:TESLA,GPU_SKU:H100_SXM5,GPU_MEM:80GB,GPU_CC:9.0,CLASS:SH4_G8TF64",gpu:8(S:0-3),sh04-01n01,sh04-01n01,25.11.5,Linux,2048000,753664,1253135,4,1,MIXED+PLANNED,1,28000000,168751,N/A,N/A,gpu,2026-03-15T10:27:17,2026-04-30T09:13:15,2026-05-02T00:51:15,None,"cpu=64,mem=2000G,billing=684,gres/gpu=8","cpu=63,mem=736G,gres/gpu=6",2153,1839,NDR,INTEL,SPR,8462Y+,2.80GHz,SH4_G8TF64,HPR,TESLA,H100_SXM5,80GB,9.0
17,sh02-12n04,20,256000,"IB:EDR,CPU_MNF:INTEL,CPU_GEN:BDW,CPU_SKU:E5-2640v4,CPU_FRQ:2.40GHz,GPU_GEN:PSC,GPU_BRD:TESLA,GPU_SKU",gpu,1,20.0,250.0,12.5,sh02-12n04,sh02-12n04,x86_64,cores,10,10,20,20,4.03,"IB:EDR,CPU_MNF:INTEL,CPU_GEN:BDW,CPU_SKU:E5-2640v4,CPU_FRQ:2.40GHz,GPU_GEN:PSC,GPU_BRD:TESLA,GPU_SKU:P100_PCIE,GPU_MEM:16GB,GPU_CC:6.0","IB:EDR,CPU_MNF:INTEL,CPU_GEN:BDW,CPU_SKU:E5-2640v4,CPU_FRQ:2.40GHz,GPU_GEN:PSC,GPU_BRD:TESLA,GPU_SKU:P100_PCIE,GPU_MEM:16GB,GPU_CC:6.0",gpu:4(S:0-1),sh02-12n04,sh02-12n04,25.11.5,Linux,256000,122880,142102,2,1,MIXED,1,160000,144091,N/A,N/A,gpu,2026-03-29T21:12:47,2026-04-30T09:13:14,2026-03-29T23:05:58,None,"cpu=20,mem=250G,billing=142,gres/gpu=4","cpu=10,mem=120G,gres/gpu=4",1056,417,EDR,INTEL,BDW,E5-2640v4,2.40GHz,,PSC,TESLA,P100_PCIE,16GB,6.0
18,"sh02-13n[10-11],sh02-14n[09-10,12-15]",20,512000,"IB:EDR,CPU_MNF:INTEL,CPU_GEN:BDW,CPU_SKU:E5-2640v4,CPU_FRQ:2.40GHz,GPU_GEN:PSC,GPU_BRD:GEFORCE,GPU_S",gpu,8,160.0,500.0,25.0,sh02-13n10,sh02-13n10,x86_64,cores,10,12,20,20,1.67,"IB:EDR,CPU_MNF:INTEL,CPU_GEN:BDW,CPU_SKU:E5-2640v4,CPU_FRQ:2.40GHz,GPU_GEN:PSC,GPU_BRD:GEFORCE,GPU_SKU:TITAN_Xp,GPU_MEM:12GB,GPU_CC:6.1","IB:EDR,CPU_MNF:INTEL,CPU_GEN:BDW,CPU_SKU:E5-2640v4,CPU_FRQ:2.40GHz,GPU_GEN:PSC,GPU_BRD:GEFORCE,GPU_SKU:TITAN_Xp,GPU_MEM:12GB,GPU_CC:6.1",gpu:4(S:0-1),sh02-13n10,sh02-13n10,25.11.5,Linux,512000,112816,440799,2,1,MIXED,1,200000,146091,N/A,N/A,gpu,2026-01-27T16:37:58,2026-04-30T09:13:14,2026-04-13T19:07:27,None,"cpu=20,mem=500G,billing=205,gres/gpu=4","cpu=12,mem=112816M,gres/gpu=4",812,418,EDR,INTEL,BDW,E5-2640v4,2.40GHz,,PSC,GEFORCE,TITAN_Xp,12GB,6.1
19,sh02-13n[12-13],20,256000,"IB:EDR,CPU_MNF:INTEL,CPU_GEN:BDW,CPU_SKU:E5-2640v4,CPU_FRQ:2.40GHz,GPU_GEN:VLT,GPU_BRD:TESLA,GPU_SKU",gpu,2,40.0,250.0,12.5,sh02-13n12,sh02-13n12,x86_64,cores,10,14,20,20,3.08,"IB:EDR,CPU_MNF:INTEL,CPU_GEN:BDW,CPU_SKU:E5-2640v4,CPU_FRQ:2.40GHz,GPU_GEN:VLT,GPU_BRD:TESLA,GPU_SKU:V100_SXM2,GPU_MEM:16GB,GPU_CC:7.0","IB:EDR,CPU_MNF:INTEL,CPU_GEN:BDW,CPU_SKU:E5-2640v4,CPU_FRQ:2.40GHz,GPU_GEN:VLT,GPU_BRD:TESLA,GPU_SKU:V100_SXM2,GPU_MEM:16GB,GPU_CC:7.0",gpu:4(S:0),sh02-13n12,sh02-13n12,25.11.5,Linux,256000,112582,174520,2,1,MIXED,1,160000,144091,N/A,N/A,gpu,2026-02-11T02:45:53,2026-04-30T09:13:14,2026-04-08T05:55:34,None,"cpu=20,mem=250G,billing=142,gres/gpu=4","cpu=14,mem=112582M,gres/gpu=4",774,646,EDR,INTEL,BDW,E5-2640v4,2.40GHz,,VLT,TESLA,V100_SXM2,16GB,7.0
20,sh02-15n09,24,191000,"IB:EDR,CPU_MNF:INTEL,CPU_GEN:SKX,CPU_SKU:5118,CPU_FRQ:2.30GHz,GPU_GEN:VLT,GPU_BRD:TESLA,GPU_SKU:V100",gpu,1,24.0,186.5,7.77,sh02-15n09,sh02-15n09,x86_64,cores,12,18,24,24,2.39,"IB:EDR,CPU_MNF:INTEL,CPU_GEN:SKX,CPU_SKU:5118,CPU_FRQ:2.30GHz,GPU_GEN:VLT,GPU_BRD:TESLA,GPU_SKU:V100_SXM2,GPU_MEM:32GB,GPU_CC:7.0","IB:EDR,CPU_MNF:INTEL,CPU_GEN:SKX,CPU_SKU:5118,CPU_FRQ:2.30GHz,GPU_GEN:VLT,GPU_BRD:TESLA,GPU_SKU:V100_SXM2,GPU_MEM:32GB,GPU_CC:7.0",gpu:4(S:0),sh02-15n09,sh02-15n09,25.11.5,Linux,191000,161500,148330,2,1,MIXED,1,190000,143181,N/A,N/A,gpu,2026-02-11T02:23:36,2026-04-30T09:13:14,2026-04-12T17:39:58,None,"cpu=24,mem=191000M,billing=130,gres/gpu=4","cpu=18,mem=161500M,gres/gpu=4",976,455,EDR,INTEL,SKX,5118,2.30GHz,,VLT,TESLA,V100_SXM2,32GB,7.0
21,sh02-16n[05-06],24,191000,"IB:EDR,CPU_MNF:INTEL,CPU_GEN:SKX,CPU_SKU:5118,CPU_FRQ:2.30GHz,GPU_GEN:VLT,GPU_BRD:TESLA,GPU_SKU:V100",gpu,2,48.0,186.5,7.77,sh02-16n05,sh02-16n05,x86_64,cores,12,22,24,24,2.10,"IB:EDR,CPU_MNF:INTEL,CPU_GEN:SKX,CPU_SKU:5118,CPU_FRQ:2.30GHz,GPU_GEN:VLT,GPU_BRD:TESLA,GPU_SKU:V100_PCIE,GPU_MEM:32GB,GPU_CC:7.0","IB:EDR,CPU_MNF:INTEL,CPU_GEN:SKX,CPU_SKU:5118,CPU_FRQ:2.30GHz,GPU_GEN:VLT,GPU_BRD:TESLA,GPU_SKU:V100_PCIE,GPU_MEM:32GB,GPU_CC:7.0",gpu:4(S:0),sh02-16n05,sh02-16n05,25.11.5,Linux,191000,172032,103192,2,1,MIXED,1,190000,143181,N/A,N/A,gpu,2026-01-27T16:52:15,2026-04-30T09:13:14,2026-02-04T16:11:46,None,"cpu=24,mem=191000M,billing=130,gres/gpu=4","cpu=22,mem=168G,gres/gpu=4",606,305,EDR,INTEL,SKX,5118,2.30GHz,,VLT,TESLA,V100_PCIE,32GB,7.0
22,sh03-12n[01-16],32,256000,"IB:HDR,CPU_MNF:AMD,CPU_GEN:RME,CPU_SKU:7502P,CPU_FRQ:2.50GHz,GPU_GEN:TUR,GPU_BRD:GEFORCE,GPU_SKU:RTX",gpu,16,512.0,250.0,7.81,sh03-12n01,sh03-12n01,x86_64,cores,16,14,32,32,2.91,"IB:HDR,CPU_MNF:AMD,CPU_GEN:RME,CPU_SKU:7502P,CPU_FRQ:2.50GHz,GPU_GEN:TUR,GPU_BRD:GEFORCE,GPU_SKU:RTX_2080Ti,GPU_MEM:11GB,GPU_CC:7.5,CLASS:SH3_G4FP32","IB:HDR,CPU_MNF:AMD,CPU_GEN:RME,CPU_SKU:7502P,CPU_FRQ:2.50GHz,GPU_GEN:TUR,GPU_BRD:GEFORCE,GPU_SKU:RTX_2080Ti,GPU_MEM:11GB,GPU_CC:7.5,CLASS:SH3_G4FP32",gpu:4(S:0-1),sh03-12n01,sh03-12n01,25.11.5,Linux,256000,113752,233690,2,1,MIXED,1,3600000,144371,N/A,N/A,gpu,2026-05-04T14:18:31,2026-05-04T14:24:28,2026-05-04T14:24:13,None,"cpu=32,mem=250G,billing=154,gres/gpu=4","cpu=14,mem=113752M,gres/gpu=4",1289,938,HDR,AMD,RME,7502P,2.50GHz,SH3_G4FP32,TUR,GEFORCE,RTX_2080Ti,11GB,7.5
23,"sh03-15n[01-03,05]",32,256000,"IB:HDR,CPU_MNF:AMD,CPU_GEN:RME,CPU_SKU:7502P,CPU_FRQ:2.50GHz,GPU_GEN:AMP,GPU_BRD:GEFORCE,GPU_SKU:RTX",gpu,4,128.0,250.0,7.81,sh03-15n01,sh03-15n01,x86_64,cores,16,25,32,32,4.35,"IB:HDR,CPU_MNF:AMD,CPU_GEN:RME,CPU_SKU:7502P,CPU_FRQ:2.50GHz,GPU_GEN:AMP,GPU_BRD:GEFORCE,GPU_SKU:RTX_3090,GPU_MEM:24GB,GPU_CC:8.6,CLASS:SH3_G4FP32.1","IB:HDR,CPU_MNF:AMD,CPU_GEN:RME,CPU_SKU:7502P,CPU_FRQ:2.50GHz,GPU_GEN:AMP,GPU_BRD:GEFORCE,GPU_SKU:RTX_3090,GPU_MEM:24GB,GPU_CC:8.6,CLASS:SH3_G4FP32.1",gpu:4(S:0-1),sh03-15n01,sh03-15n01,25.11.5,Linux,256000,229376,106315,2,1,MIXED,1,3600000,144371,N/A,N/A,gpu,2026-01-27T16:37:51,2026-04-30T09:13:15,2026-03-31T16:00:29,None,"cpu=32,mem=250G,billing=154,gres/gpu=4","cpu=25,mem=224G,gres/gpu=4",771,712,HDR,AMD,RME,7502P,2.50GHz,SH3_G4FP32.1,AMP,GEFORCE,RTX_3090,24GB,8.6
24,"sh04-01n[09-12],sh04-07n[11-12],sh04-11n[09-10]",32,256000,"IB:NDR,CPU_MNF:INTEL,CPU_GEN:SPR,CPU_SKU:6426Y,CPU_FRQ:2.50GHz,GPU_GEN:LOV,GPU_BRD:TESLA,GPU_SKU:L40",gpu,8,256.0,250.0,7.81,sh04-01n09,sh04-01n09,x86_64,cores,8,26,32,32,17.33,"IB:NDR,CPU_MNF:INTEL,CPU_GEN:SPR,CPU_SKU:6426Y,CPU_FRQ:2.50GHz,GPU_GEN:LOV,GPU_BRD:TESLA,GPU_SKU:L40S,GPU_MEM:48GB,GPU_CC:8.9,CLASS:SH4_G4FP32","IB:NDR,CPU_MNF:INTEL,CPU_GEN:SPR,CPU_SKU:6426Y,CPU_FRQ:2.50GHz,GPU_GEN:LOV,GPU_BRD:TESLA,GPU_SKU:L40S,GPU_MEM:48GB,GPU_CC:8.9,CLASS:SH4_G4FP32",gpu:4(S:0-3),sh04-01n09,sh04-01n09,25.11.5,Linux,256000,129200,228451,4,1,MIXED,1,7000000,144351,N/A,N/A,gpu,2026-05-04T14:40:17,2026-05-04T14:44:10,2026-05-04T15:19:06,None,"cpu=32,mem=250G,billing=154,gres/gpu=4","cpu=26,mem=129200M,gres/gpu=4",1235,897,NDR,INTEL,SPR,6426Y,2.50GHz,SH4_G4FP32,LOV,TESLA,L40S,48GB,8.9
25,"sh04-01n[05,07]",64,1024000,"IB:NDR,CPU_MNF:INTEL,CPU_GEN:SPR,CPU_SKU:8462Y+,CPU_FRQ:2.80GHz,GPU_GEN:HPR,GPU_BRD:TESLA,GPU_SKU:H1",gpu,2,128.0,1000.0,15.62,sh04-01n05,sh04-01n05,x86_64,cores,16,64,64,64,2.02,"IB:NDR,CPU_MNF:INTEL,CPU_GEN:SPR,CPU_SKU:8462Y+,CPU_FRQ:2.80GHz,GPU_GEN:HPR,GPU_BRD:TESLA,GPU_SKU:H100_SXM5,GPU_MEM:80GB,GPU_CC:9.0,CLASS:SH4_G4TF64","IB:NDR,CPU_MNF:INTEL,CPU_GEN:SPR,CPU_SKU:8462Y+,CPU_FRQ:2.80GHz,GPU_GEN:HPR,GPU_BRD:TESLA,GPU_SKU:H100_SXM5,GPU_MEM:80GB,GPU_CC:9.0,CLASS:SH4_G4TF64",gpu:4(S:0-3),sh04-01n05,sh04-01n05,25.11.5,Linux,1024000,532480,906987,4,1,ALLOCATED,1,14000000,147751,N/A,N/A,gpu,2026-05-02T18:12:59,2026-05-02T18:17:23,2026-05-02T18:17:09,None,"cpu=64,mem=1000G,billing=374,gres/gpu=4","cpu=64,mem=520G,gres/gpu=4",1582,999,NDR,INTEL,SPR,8462Y+,2.80GHz,SH4_G4TF64,HPR,TESLA,H100_SXM5,80GB,9.0
26,"sh02-02n[10,37-40]",20,128000,"IB:EDR,CPU_MNF:INTEL,CPU_GEN:BDW,CPU_SKU:E5-2640v4,CPU_FRQ:2.40GHz,NO_GPU",service,5,100.0,125.0,6.25,sh02-02n10,sh02-02n10,x86_64,cores,10,16,20,20,0.01,"IB:EDR,CPU_MNF:INTEL,CPU_GEN:BDW,CPU_SKU:E5-2640v4,CPU_FRQ:2.40GHz,NO_GPU","IB:EDR,CPU_MNF:INTEL,CPU_GEN:BDW,CPU_SKU:E5-2640v4,CPU_FRQ:2.40GHz,NO_GPU",(null),sh02-02n10,sh02-02n10,25.11.5,Linux,128000,16384,19893,2,1,MIXED,1,120000,102091,N/A,N/A,service,2026-01-27T16:11:39,2026-04-30T09:13:14,2026-05-04T05:04:00,None,"cpu=20,mem=125G,billing=51","cpu=16,mem=16G",55,49,EDR,INTEL,BDW,E5-2640v4,2.40GHz,,,,,,
27,sh03-02n16,32,256000,"IB:HDR,CPU_MNF:AMD,CPU_GEN:RME,CPU_SKU:7502,CPU_FRQ:2.50GHz,NO_GPU,CLASS:SH3_CBASE",service,1,32.0,250.0,7.81,sh03-02n16,sh03-02n16,x86_64,cores,16,0,32,32,0.01,"IB:HDR,CPU_MNF:AMD,CPU_GEN:RME,CPU_SKU:7502,CPU_FRQ:2.50GHz,NO_GPU,CLASS:SH3_CBASE","IB:HDR,CPU_MNF:AMD,CPU_GEN:RME,CPU_SKU:7502,CPU_FRQ:2.50GHz,NO_GPU,CLASS:SH3_CBASE",(null),sh03-02n16,sh03-02n16,25.11.5,Linux,256000,0,252832,2,1,IDLE,1,1900000,104371,N/A,N/A,service,2026-01-27T16:12:46,2026-04-30T09:13:14,2026-04-30T09:13:14,None,"cpu=32,mem=250G,billing=94",,113,101,HDR,AMD,RME,7502,2.50GHz,SH3_CBASE,,,,,
28,"sh03-08n[49-72],sh03-09n[01-72]",32,256000,"IB:HDR,CPU_MNF:AMD,CPU_GEN:MLN,CPU_SKU:7543,CPU_FRQ:2.75GHz,NO_GPU,CLASS:SH3_CBASE.1",serc,96,3072.0,250.0,7.81,sh03-08n49,sh03-08n49,x86_64,cores,16,12,32,32,11.00,"IB:HDR,CPU_MNF:AMD,CPU_GEN:MLN,CPU_SKU:7543,CPU_FRQ:2.75GHz,NO_GPU,CLASS:SH3_CBASE.1","IB:HDR,CPU_MNF:AMD,CPU_GEN:MLN,CPU_SKU:7543,CPU_FRQ:2.75GHz,NO_GPU,CLASS:SH3_CBASE.1",(null),sh03-08n49,sh03-08n49,25.11.5,Linux,256000,147072,86042,2,1,MIXED+PLANNED,1,3000000,104361,N/A,N/A,"serc,owners",2026-04-01T22:22:17,2026-04-30T09:13:14,2026-04-23T09:10:40,None,"cpu=32,mem=250G,billing=94","cpu=12,mem=147072M",187,170,HDR,AMD,MLN,7543,2.75GHz,SH3_CBASE.1,,,,,
29,"sh03-17n[01,03,05,07]",128,1024000,"IB:HDR,CPU_MNF:AMD,CPU_GEN:MLN,CPU_SKU:7763,CPU_FRQ:2.45GHz,GPU_GEN:AMP,GPU_BRD:TESLA,GPU_SKU:A100_S",serc,4,512.0,1000.0,7.81,sh03-17n01,sh03-17n01,x86_64,cores,32,48,128,128,3.24,"IB:HDR,CPU_MNF:AMD,CPU_GEN:MLN,CPU_SKU:7763,CPU_FRQ:2.45GHz,GPU_GEN:AMP,GPU_BRD:TESLA,GPU_SKU:A100_SXM4,GPU_MEM:80GB,GPU_CC:8.0,CLASS:SH3_G8TF64.1","IB:HDR,CPU_MNF:AMD,CPU_GEN:MLN,CPU_SKU:7763,CPU_FRQ:2.45GHz,GPU_GEN:AMP,GPU_BRD:TESLA,GPU_SKU:A100_SXM4,GPU_MEM:80GB,GPU_CC:8.0,CLASS:SH3_G8TF64.1",gpu:8(S:0-3),sh03-17n01,sh03-17n01,25.11.5,Linux,1024000,995328,883182,4,1,MIXED+PLANNED,1,3600000,167861,N/A,N/A,"serc,owners",2026-03-31T13:31:20,2026-04-30T09:13:16,2026-03-31T13:36:07,None,"cpu=128,mem=1000G,billing=498,gres/gpu=8","cpu=48,mem=972G,gres/gpu=6",1587,1578,HDR,AMD,MLN,7763,2.45GHz,SH3_G8TF64.1,AMP,TESLA,A100_SXM4,80GB,8.0
30,"sh03-18n[11,16]",64,512000,"IB:HDR,CPU_MNF:AMD,CPU_GEN:MLN,CPU_SKU:7543,CPU_FRQ:2.75GHz,GPU_GEN:AMP,GPU_BRD:TESLA,GPU_SKU:A100_S",serc,2,128.0,500.0,7.81,sh03-18n11,sh03-18n11,x86_64,cores,16,54,64,64,18.79,"IB:HDR,CPU_MNF:AMD,CPU_GEN:MLN,CPU_SKU:7543,CPU_FRQ:2.75GHz,GPU_GEN:AMP,GPU_BRD:TESLA,GPU_SKU:A100_SXM4,GPU_MEM:80GB,GPU_CC:8.0,CLASS:SH3_G4TF64.1","IB:HDR,CPU_MNF:AMD,CPU_GEN:MLN,CPU_SKU:7543,CPU_FRQ:2.75GHz,GPU_GEN:AMP,GPU_BRD:TESLA,GPU_SKU:A100_SXM4,GPU_MEM:80GB,GPU_CC:8.0,CLASS:SH3_G4TF64.1",gpu:4(S:0-3),sh03-18n11,sh03-18n11,25.11.5,Linux,512000,302528,344248,4,1,MIXED+PLANNED,1,3000000,146761,N/A,N/A,"serc,owners",2026-01-27T16:41:02,2026-04-30T09:13:15,2026-04-07T21:23:22,None,"cpu=64,mem=500G,billing=249,gres/gpu=4","cpu=54,mem=302528M,gres/gpu=4",1092,743,HDR,AMD,MLN,7543,2.75GHz,SH3_G4TF64.1,AMP,TESLA,A100_SXM4,80GB,8.0
31,sh04-09n01,64,2048000,"IB:NDR,CPU_MNF:INTEL,CPU_GEN:SPR,CPU_SKU:8462Y+,CPU_FRQ:2.80GHz,GPU_GEN:HPR,GPU_BRD:TESLA,GPU_SKU:H1",serc,1,64.0,2000.0,31.25,sh04-09n01,sh04-09n01,x86_64,cores,16,62,64,64,48.86,"IB:NDR,CPU_MNF:INTEL,CPU_GEN:SPR,CPU_SKU:8462Y+,CPU_FRQ:2.80GHz,GPU_GEN:HPR,GPU_BRD:TESLA,GPU_SKU:H100_SXM5,GPU_MEM:80GB,GPU_CC:9.0,CLASS:SH4_G8TF64","IB:NDR,CPU_MNF:INTEL,CPU_GEN:SPR,CPU_SKU:8462Y+,CPU_FRQ:2.80GHz,GPU_GEN:HPR,GPU_BRD:TESLA,GPU_SKU:H100_SXM5,GPU_MEM:80GB,GPU_CC:9.0,CLASS:SH4_G8TF64",gpu:8(S:0-3),sh04-09n01,sh04-09n01,25.11.5,Linux,2048000,1273568,946774,4,1,MIXED+PLANNED,1,28000000,168751,N/A,N/A,"serc,owners",2026-01-28T08:29:10,2026-04-30T09:13:16,2026-03-16T08:21:32,None,"cpu=64,mem=2000G,billing=684,gres/gpu=8","cpu=62,mem=1273568M,gres/gpu=8",3402,382,NDR,INTEL,SPR,8462Y+,2.80GHz,SH4_G8TF64,HPR,TESLA,H100_SXM5,80GB,9.0
32,"sh03-14n[03,05,07,09,11,13]",128,1024000,"IB:HDR,CPU_MNF:AMD,CPU_GEN:RME,CPU_SKU:7662,CPU_FRQ:2.00GHz,GPU_GEN:AMP,GPU_BRD:TESLA,GPU_SKU:A100_S",serc,6,768.0,1000.0,7.81,sh03-14n03,sh03-14n03,x86_64,cores,32,60,128,128,45.35,"IB:HDR,CPU_MNF:AMD,CPU_GEN:RME,CPU_SKU:7662,CPU_FRQ:2.00GHz,GPU_GEN:AMP,GPU_BRD:TESLA,GPU_SKU:A100_SXM4,GPU_MEM:40GB,GPU_CC:8.0,CLASS:SH3_G8TF64","IB:HDR,CPU_MNF:AMD,CPU_GEN:RME,CPU_SKU:7662,CPU_FRQ:2.00GHz,GPU_GEN:AMP,GPU_BRD:TESLA,GPU_SKU:A100_SXM4,GPU_MEM:40GB,GPU_CC:8.0,CLASS:SH3_G8TF64",gpu:8(S:0-3),sh03-14n03,sh03-14n03,25.11.5,Linux,1024000,1015808,792762,4,1,MIXED,1,3600000,167871,N/A,N/A,"serc,owners",2026-03-31T15:30:01,2026-04-30T09:13:16,2026-04-21T13:40:15,None,"cpu=128,mem=1000G,billing=498,gres/gpu=8","cpu=60,mem=992G,gres/gpu=8",1209,911,HDR,AMD,RME,7662,2.00GHz,SH3_G8TF64,AMP,TESLA,A100_SXM4,40GB,8.0
33,sh03-14n[17-24],128,1024000,"IB:HDR,CPU_MNF:AMD,CPU_GEN:RME,CPU_SKU:7742,CPU_FRQ:2.25GHz,NO_GPU,CLASS:SH3_CPERF",serc,8,1024.0,1000.0,7.81,sh03-14n17,sh03-14n17,x86_64,cores,32,127,128,128,59.85,"IB:HDR,CPU_MNF:AMD,CPU_GEN:RME,CPU_SKU:7742,CPU_FRQ:2.25GHz,NO_GPU,CLASS:SH3_CPERF","IB:HDR,CPU_MNF:AMD,CPU_GEN:RME,CPU_SKU:7742,CPU_FRQ:2.25GHz,NO_GPU,CLASS:SH3_CPERF",(null),sh03-14n17,sh03-14n17,25.11.5,Linux,1024000,1012064,832780,4,1,MIXED,1,3000000,107871,N/A,N/A,"serc,owners",2026-01-27T16:13:47,2026-04-30T09:13:15,2026-03-09T16:05:14,None,"cpu=128,mem=1000G,billing=378","cpu=127,mem=1012064M",483,389,HDR,AMD,RME,7742,2.25GHz,SH3_CPERF,,,,,
34,"sh04-03n[14-15],sh04-04n[14-15],sh04-05n[14-15],sh04-06n[14-15],sh04-07n[14-15],sh04-08n[14-15],sh04",64,384000,"IB:NDR,CPU_MNF:AMD,CPU_GEN:GEN,CPU_SKU:9384X,CPU_FRQ:3.10GHz,NO_GPU,CLASS:SH4_CPERF",serc,13,832.0,375.0,5.86,sh04-03n14,sh04-03n14,x86_64,cores,16,63,64,64,36.66,"IB:NDR,CPU_MNF:AMD,CPU_GEN:GEN,CPU_SKU:9384X,CPU_FRQ:3.10GHz,NO_GPU,CLASS:SH4_CPERF","IB:NDR,CPU_MNF:AMD,CPU_GEN:GEN,CPU_SKU:9384X,CPU_FRQ:3.10GHz,NO_GPU,CLASS:SH4_CPERF",(null),sh04-03n14,sh04-03n14,25.11.5,Linux,384000,378880,249270,4,1,MIXED,1,3500000,105741,N/A,N/A,"serc,owners",2026-04-20T18:11:27,2026-04-30T09:13:15,2026-04-27T11:40:06,None,"cpu=64,mem=375G,billing=157","cpu=63,mem=370G",723,391,NDR,AMD,GEN,9384X,3.10GHz,SH4_CPERF,,,,,
35,"sh04-06n13,sh04-07n13,sh04-08n13,sh04-09n13",256,1536000,"IB:NDR,CPU_MNF:AMD,CPU_GEN:BGM,CPU_SKU:9754,CPU_FRQ:2.25GHz,NO_GPU,CLASS:SH4_CSCALE",serc,4,1024.0,1500.0,5.86,sh04-06n13,sh04-06n13,x86_64,cores,64,98,256,256,46.94,"IB:NDR,CPU_MNF:AMD,CPU_GEN:BGM,CPU_SKU:9754,CPU_FRQ:2.25GHz,NO_GPU,CLASS:SH4_CSCALE","IB:NDR,CPU_MNF:AMD,CPU_GEN:BGM,CPU_SKU:9754,CPU_FRQ:2.25GHz,NO_GPU,CLASS:SH4_CSCALE",(null),sh04-06n13,sh04-06n13,25.11.5,Linux,1536000,1521664,1171727,4,1,MIXED,1,7000000,107941,N/A,N/A,"serc,owners",2026-01-27T17:15:44,2026-04-30T09:13:15,2026-03-02T11:26:04,None,"cpu=256,mem=1500G,billing=631","cpu=98,mem=1486G",718,465,NDR,AMD,BGM,9754,2.25GHz,SH4_CSCALE,,,,,
36,sh02-10n[61-72],24,384000,"IB:EDR,CPU_MNF:INTEL,CPU_GEN:SKX,CPU_SKU:5118,CPU_FRQ:2.30GHz,NO_GPU",serc,12,288.0,375.0,15.62,sh02-10n61,sh02-10n61,x86_64,cores,12,24,24,24,22.61,"IB:EDR,CPU_MNF:INTEL,CPU_GEN:SKX,CPU_SKU:5118,CPU_FRQ:2.30GHz,NO_GPU","IB:EDR,CPU_MNF:INTEL,CPU_GEN:SKX,CPU_SKU:5118,CPU_FRQ:2.30GHz,NO_GPU",(null),sh02-10n61,sh02-10n61,25.11.5,Linux,384000,272384,327547,2,1,ALLOCATED,1,190000,105181,N/A,N/A,"serc,owners",2026-02-16T20:47:56,2026-04-30T09:13:14,2026-04-26T18:07:27,None,"cpu=24,mem=375G,billing=117","cpu=24,mem=266G",214,130,EDR,INTEL,SKX,5118,2.30GHz,,,,,,
37,sh02-16n[08-09],24,191000,"IB:EDR,CPU_MNF:INTEL,CPU_GEN:SKX,CPU_SKU:5118,CPU_FRQ:2.30GHz,GPU_GEN:VLT,GPU_BRD:TESLA,GPU_SKU:V100",serc,2,48.0,186.5,7.77,sh02-16n08,sh02-16n08,x86_64,cores,12,24,24,24,13.10,"IB:EDR,CPU_MNF:INTEL,CPU_GEN:SKX,CPU_SKU:5118,CPU_FRQ:2.30GHz,GPU_GEN:VLT,GPU_BRD:TESLA,GPU_SKU:V100_PCIE,GPU_MEM:32GB,GPU_CC:7.0","IB:EDR,CPU_MNF:INTEL,CPU_GEN:SKX,CPU_SKU:5118,CPU_FRQ:2.30GHz,GPU_GEN:VLT,GPU_BRD:TESLA,GPU_SKU:V100_PCIE,GPU_MEM:32GB,GPU_CC:7.0",gpu:4(S:0),sh02-16n08,sh02-16n08,25.11.5,Linux,191000,167936,101784,2,1,ALLOCATED,1,190000,143181,N/A,N/A,"serc,owners",2026-04-12T04:44:43,2026-04-30T09:13:14,2026-04-21T04:54:38,None,"cpu=24,mem=191000M,billing=130,gres/gpu=4","cpu=24,mem=164G,gres/gpu=3",407,364,EDR,INTEL,SKX,5118,2.30GHz,,VLT,TESLA,V100_PCIE,32GB,7.0
38,sh02-16n[08-09],24,191000,"IB:EDR,CPU_MNF:INTEL,CPU_GEN:SKX,CPU_SKU:5118,CPU_FRQ:2.30GHz,GPU_GEN:VLT,GPU_BRD:TESLA,GPU_SKU:V100",serc,2,48.0,186.5,7.77,sh02-16n08,sh02-16n08,x86_64,cores,12,24,24,24,13.10,"IB:EDR,CPU_MNF:INTEL,CPU_GEN:SKX,CPU_SKU:5118,CPU_FRQ:2.30GHz,GPU_GEN:VLT,GPU_BRD:TESLA,GPU_SKU:V100_PCIE,GPU_MEM:32GB,GPU_CC:7.0","IB:EDR,CPU_MNF:INTEL,CPU_GEN:SKX,CPU_SKU:5118,CPU_FRQ:2.30GHz,GPU_GEN:VLT,GPU_BRD:TESLA,GPU_SKU:V100_PCIE,GPU_MEM:32GB,GPU_CC:7.0",gpu:4(S:0),sh02-16n08,sh02-16n08,25.11.5,Linux,191000,167936,101784,2,1,ALLOCATED,1,190000,143181,N/A,N/A,"serc,owners",2026-04-12T04:44:43,2026-04-30T09:13:14,2026-04-21T04:54:38,None,"cpu=24,mem=191000M,billing=130,gres/gpu=4","cpu=24,mem=164G,gres/gpu=3",407,364,EDR,INTEL,SKX,5118,2.30GHz,,VLT,TESLA,V100_PCIE,32GB,7.0
39,"sh03-04n[41-72],sh03-05n[01-72]",32,256000,"IB:HDR,CPU_MNF:AMD,CPU_GEN:RME,CPU_SKU:7502,CPU_FRQ:2.50GHz,NO_GPU,CLASS:SH3_CBASE",serc,104,3328.0,250.0,7.81,sh03-04n41,sh03-04n41,x86_64,cores,16,32,32,32,22.93,"IB:HDR,CPU_MNF:AMD,CPU_GEN:RME,CPU_SKU:7502,CPU_FRQ:2.50GHz,NO_GPU,CLASS:SH3_CBASE","IB:HDR,CPU_MNF:AMD,CPU_GEN:RME,CPU_SKU:7502,CPU_FRQ:2.50GHz,NO_GPU,CLASS:SH3_CBASE",(null),sh03-04n41,sh03-04n41,25.11.5,Linux,256000,216304,187503,2,1,ALLOCATED,1,1900000,104371,N/A,N/A,"serc,owners",2026-02-16T00:56:50,2026-04-30T09:13:14,2026-04-25T23:12:41,None,"cpu=32,mem=250G,billing=94","cpu=32,mem=216304M",231,118,HDR,AMD,RME,7502,2.50GHz,SH3_CBASE,,,,,
40,"sh04-05n[17-32],sh04-06n[17-32],sh04-07n[17-32],sh04-08n[17-32],sh04-09n[17-32],sh04-10n[17-32],sh04",24,192000,"IB:NDR,CPU_MNF:AMD,CPU_GEN:SIE,CPU_SKU:8224P,CPU_FRQ:2.55GHz,NO_GPU,CLASS:SH4_CBASE",serc,97,2328.0,187.5,7.81,sh04-05n17,sh04-05n17,x86_64,cores,24,24,24,24,14.84,"IB:NDR,CPU_MNF:AMD,CPU_GEN:SIE,CPU_SKU:8224P,CPU_FRQ:2.55GHz,NO_GPU,CLASS:SH4_CBASE","IB:NDR,CPU_MNF:AMD,CPU_GEN:SIE,CPU_SKU:8224P,CPU_FRQ:2.55GHz,NO_GPU,CLASS:SH4_CBASE",(null),sh04-05n17,sh04-05n17,25.11.5,Linux,192000,103680,101524,1,1,ALLOCATED,1,3500000,103141,N/A,N/A,"serc,owners",2026-02-16T10:10:46,2026-04-30T09:13:15,2026-04-22T07:57:01,None,"cpu=24,mem=187.50G,billing=70","cpu=24,mem=103680M",160,146,NDR,AMD,SIE,8224P,2.55GHz,SH4_CBASE,,,,,
41,sh02-13n08,20,256000,"IB:EDR,CPU_MNF:INTEL,CPU_GEN:BDW,CPU_SKU:E5-2640v4,CPU_FRQ:2.40GHz,GPU_GEN:PSC,GPU_BRD:TESLA,GPU_SKU",owners,1,20.0,250.0,12.5,sh02-13n08,sh02-13n08,x86_64,cores,10,18,20,20,2.06,"IB:EDR,CPU_MNF:INTEL,CPU_GEN:BDW,CPU_SKU:E5-2640v4,CPU_FRQ:2.40GHz,GPU_GEN:PSC,GPU_BRD:TESLA,GPU_SKU:P40,GPU_MEM:24GB,GPU_CC:6.1","IB:EDR,CPU_MNF:INTEL,CPU_GEN:BDW,CPU_SKU:E5-2640v4,CPU_FRQ:2.40GHz,GPU_GEN:PSC,GPU_BRD:TESLA,GPU_SKU:P40,GPU_MEM:24GB,GPU_CC:6.1",gpu:4(S:0-1),sh02-13n08,sh02-13n08,25.11.5,Linux,256000,106496,144072,2,1,MIXED+PLANNED,1,160000,144091,N/A,N/A,owners,2026-04-08T17:35:58,2026-04-30T09:13:14,2026-05-03T05:08:39,None,"cpu=20,mem=250G,billing=142,gres/gpu=4","cpu=18,mem=104G,gres/gpu=2",445,260,EDR,INTEL,BDW,E5-2640v4,2.40GHz,,PSC,TESLA,P40,24GB,6.1
42,"sh03-07n[01-60,65-72],sh03-08n[01-24,49-72],sh03-09n[01-72],sh03-10n[01-72]",32,256000,"IB:HDR,CPU_MNF:AMD,CPU_GEN:MLN,CPU_SKU:7543,CPU_FRQ:2.75GHz,NO_GPU,CLASS:SH3_CBASE.1",owners,260,8320.0,250.0,7.81,sh03-07n01,sh03-07n01,x86_64,cores,16,31,32,32,30.84,"IB:HDR,CPU_MNF:AMD,CPU_GEN:MLN,CPU_SKU:7543,CPU_FRQ:2.75GHz,NO_GPU,CLASS:SH3_CBASE.1","IB:HDR,CPU_MNF:AMD,CPU_GEN:MLN,CPU_SKU:7543,CPU_FRQ:2.75GHz,NO_GPU,CLASS:SH3_CBASE.1",(null),sh03-07n01,sh03-07n01,25.11.5,Linux,256000,217600,204593,2,1,MIXED+PLANNED,1,3000000,104361,N/A,N/A,owners,2026-01-27T16:39:53,2026-04-30T09:13:14,2026-03-28T06:15:35,None,"cpu=32,mem=250G,billing=94","cpu=31,mem=212.50G",306,287,HDR,AMD,MLN,7543,2.75GHz,SH3_CBASE.1,,,,,
43,"sh03-15n16,sh03-16n[02,05-07]",64,512000,"IB:HDR,CPU_MNF:AMD,CPU_GEN:RME,CPU_SKU:7502,CPU_FRQ:2.50GHz,GPU_GEN:AMP,GPU_BRD:TESLA,GPU_SKU:A100_S",owners,5,320.0,500.0,7.81,sh03-15n16,sh03-15n16,x86_64,cores,16,62,64,64,3.22,"IB:HDR,CPU_MNF:AMD,CPU_GEN:RME,CPU_SKU:7502,CPU_FRQ:2.50GHz,GPU_GEN:AMP,GPU_BRD:TESLA,GPU_SKU:A100_SXM4,GPU_MEM:40GB,GPU_CC:8.0,CLASS:SH3_G4TF64","IB:HDR,CPU_MNF:AMD,CPU_GEN:RME,CPU_SKU:7502,CPU_FRQ:2.50GHz,GPU_GEN:AMP,GPU_BRD:TESLA,GPU_SKU:A100_SXM4,GPU_MEM:40GB,GPU_CC:8.0,CLASS:SH3_G4TF64",gpu:4(S:0-3),sh03-15n16,sh03-15n16,25.11.5,Linux,512000,507904,421995,4,1,MIXED+PLANNED,1,3000000,146771,N/A,N/A,owners,2026-04-29T17:06:07,2026-04-30T09:13:15,2026-04-29T18:07:19,None,"cpu=64,mem=500G,billing=249,gres/gpu=4","cpu=62,mem=496G,gres/gpu=4",587,290,HDR,AMD,RME,7502,2.50GHz,SH3_G4TF64,AMP,TESLA,A100_SXM4,40GB,8.0
44,"sh03-16n09,sh03-17n[01,03,05,07],sh03-18n[01,03,05,07,09]",128,1024000,"IB:HDR,CPU_MNF:AMD,CPU_GEN:MLN,CPU_SKU:7763,CPU_FRQ:2.45GHz,GPU_GEN:AMP,GPU_BRD:TESLA,GPU_SKU:A100_S",owners,10,1280.0,1000.0,7.81,sh03-16n09,sh03-16n09,x86_64,cores,32,75,128,128,8.21,"IB:HDR,CPU_MNF:AMD,CPU_GEN:MLN,CPU_SKU:7763,CPU_FRQ:2.45GHz,GPU_GEN:AMP,GPU_BRD:TESLA,GPU_SKU:A100_SXM4,GPU_MEM:80GB,GPU_CC:8.0,CLASS:SH3_G8TF64.1","IB:HDR,CPU_MNF:AMD,CPU_GEN:MLN,CPU_SKU:7763,CPU_FRQ:2.45GHz,GPU_GEN:AMP,GPU_BRD:TESLA,GPU_SKU:A100_SXM4,GPU_MEM:80GB,GPU_CC:8.0,CLASS:SH3_G8TF64.1",gpu:8(S:0-3),sh03-16n09,sh03-16n09,25.11.5,Linux,1024000,999424,838432,4,1,MIXED+PLANNED,1,3600000,167861,N/A,N/A,owners,2026-01-27T16:40:23,2026-04-30T09:13:16,2026-02-06T17:42:31,None,"cpu=128,mem=1000G,billing=498,gres/gpu=8","cpu=75,mem=976G,gres/gpu=5",2624,1449,HDR,AMD,MLN,7763,2.45GHz,SH3_G8TF64.1,AMP,TESLA,A100_SXM4,80GB,8.0
45,"sh02-12n03,sh02-13n09",32,512000,"IB:EDR,CPU_MNF:INTEL,CPU_GEN:BDW,CPU_SKU:E5-2697Av4,CPU_FRQ:2.60GHz,NO_GPU",owners,2,64.0,500.0,15.62,sh02-12n03,sh02-12n03,x86_64,cores,16,24,32,32,4.67,"IB:EDR,CPU_MNF:INTEL,CPU_GEN:BDW,CPU_SKU:E5-2697Av4,CPU_FRQ:2.60GHz,NO_GPU","IB:EDR,CPU_MNF:INTEL,CPU_GEN:BDW,CPU_SKU:E5-2697Av4,CPU_FRQ:2.60GHz,NO_GPU",(null),sh02-12n03,sh02-12n03,25.11.5,Linux,1536000,110592,1512297,2,1,MIXED,1,160000,107391,N/A,N/A,owners,2026-05-04T14:28:08,2026-05-04T14:31:19,2026-05-04T15:31:24,None,"cpu=32,mem=1500G,billing=407","cpu=24,mem=108G",257,275,EDR,INTEL,BDW,E5-2697Av4,2.60GHz,,,,,,
46,"sh02-13n05,sh02-16n03",20,512000,"IB:EDR,CPU_MNF:INTEL,CPU_GEN:BDW,CPU_SKU:E5-2640v4,CPU_FRQ:2.40GHz,GPU_GEN:PSC,GPU_BRD:GEFORCE,GPU_S",owners,2,40.0,500.0,25.0,sh02-13n05,sh02-13n05,x86_64,cores,10,19,20,20,2.56,"IB:EDR,CPU_MNF:INTEL,CPU_GEN:BDW,CPU_SKU:E5-2640v4,CPU_FRQ:2.40GHz,GPU_GEN:PSC,GPU_BRD:GEFORCE,GPU_SKU:TITAN_V,GPU_MEM:12GB,GPU_CC:7.0","IB:EDR,CPU_MNF:INTEL,CPU_GEN:BDW,CPU_SKU:E5-2640v4,CPU_FRQ:2.40GHz,GPU_GEN:PSC,GPU_BRD:GEFORCE,GPU_SKU:TITAN_V,GPU_MEM:12GB,GPU_CC:7.0",gpu:8(S:0-1),sh02-13n05,sh02-13n05,25.11.5,Linux,512000,139264,446691,2,1,MIXED,1,200000,166091,N/A,N/A,owners,2026-04-30T12:40:37,2026-04-30T12:46:32,2026-04-30T12:46:12,None,"cpu=20,mem=500G,billing=265,gres/gpu=8","cpu=19,mem=136G,gres/gpu=2",745,451,EDR,INTEL,BDW,E5-2640v4,2.40GHz,,PSC,GEFORCE,TITAN_V,12GB,7.0
47,"sh02-14n11,sh02-15n[01-02]",20,256000,"IB:EDR,CPU_MNF:INTEL,CPU_GEN:BDW,CPU_SKU:E5-2640v4,CPU_FRQ:2.40GHz,GPU_GEN:VLT,GPU_BRD:TESLA,GPU_SKU",owners,3,60.0,250.0,12.5,sh02-14n11,sh02-14n11,x86_64,cores,10,16,20,20,2.98,"IB:EDR,CPU_MNF:INTEL,CPU_GEN:BDW,CPU_SKU:E5-2640v4,CPU_FRQ:2.40GHz,GPU_GEN:VLT,GPU_BRD:TESLA,GPU_SKU:V100_SXM2,GPU_MEM:16GB,GPU_CC:7.0","IB:EDR,CPU_MNF:INTEL,CPU_GEN:BDW,CPU_SKU:E5-2640v4,CPU_FRQ:2.40GHz,GPU_GEN:VLT,GPU_BRD:TESLA,GPU_SKU:V100_SXM2,GPU_MEM:16GB,GPU_CC:7.0",gpu:4(S:0),sh02-14n11,sh02-14n11,25.11.5,Linux,256000,114496,176799,2,1,MIXED,1,160000,144091,N/A,N/A,owners,2026-04-09T07:34:26,2026-04-30T09:13:14,2026-04-09T10:56:56,None,"cpu=20,mem=250G,billing=142,gres/gpu=4","cpu=16,mem=114496M,gres/gpu=2",424,332,EDR,INTEL,BDW,E5-2640v4,2.40GHz,,VLT,TESLA,V100_SXM2,16GB,7.0
48,sh02-16n01,24,768000,"IB:EDR,CPU_MNF:INTEL,CPU_GEN:SKX,CPU_SKU:5118,CPU_FRQ:2.30GHz,GPU_GEN:VLT,GPU_BRD:TESLA,GPU_SKU:V100",owners,1,24.0,750.0,31.25,sh02-16n01,sh02-16n01,x86_64,cores,12,20,24,24,7.69,"IB:EDR,CPU_MNF:INTEL,CPU_GEN:SKX,CPU_SKU:5118,CPU_FRQ:2.30GHz,GPU_GEN:VLT,GPU_BRD:TESLA,GPU_SKU:V100_SXM2,GPU_MEM:32GB,GPU_CC:7.0","IB:EDR,CPU_MNF:INTEL,CPU_GEN:SKX,CPU_SKU:5118,CPU_FRQ:2.30GHz,GPU_GEN:VLT,GPU_BRD:TESLA,GPU_SKU:V100_SXM2,GPU_MEM:32GB,GPU_CC:7.0",gpu:8(S:0-1),sh02-16n01,sh02-16n01,25.11.5,Linux,768000,430080,429878,2,1,MIXED,1,190000,166181,N/A,N/A,owners,2026-04-08T19:50:52,2026-04-30T09:13:14,2026-05-02T06:11:28,None,"cpu=24,mem=750G,billing=331,gres/gpu=8","cpu=20,mem=420G,gres/gpu=4",1295,741,EDR,INTEL,SKX,5118,2.30GHz,,VLT,TESLA,V100_SXM2,32GB,7.0
49,"sh02-16n[07,11]",36,768000,"IB:EDR,CPU_MNF:INTEL,CPU_GEN:SKX,CPU_SKU:6150,CPU_FRQ:2.70GHz,NO_GPU",owners,2,72.0,750.0,20.83,sh02-16n07,sh02-16n07,x86_64,cores,18,32,36,36,15.85,"IB:EDR,CPU_MNF:INTEL,CPU_GEN:SKX,CPU_SKU:6150,CPU_FRQ:2.70GHz,NO_GPU","IB:EDR,CPU_MNF:INTEL,CPU_GEN:SKX,CPU_SKU:6150,CPU_FRQ:2.70GHz,NO_GPU",(null),sh02-16n07,sh02-16n07,25.11.5,Linux,768000,180224,729258,2,1,MIXED,1,190000,106481,N/A,N/A,owners,2026-05-01T09:03:29,2026-05-01T09:05:02,2026-05-01T09:15:31,None,"cpu=36,mem=750G,billing=223","cpu=32,mem=176G",405,259,EDR,INTEL,SKX,6150,2.70GHz,,,,,,
50,"sh03-11n[01,03,12,16],sh03-16n08,sh03-17n[12-13,16],sh03-18n[11-13,15-16]",64,512000,"IB:HDR,CPU_MNF:AMD,CPU_GEN:MLN,CPU_SKU:7543,CPU_FRQ:2.75GHz,GPU_GEN:AMP,GPU_BRD:TESLA,GPU_SKU:A100_S",owners,13,832.0,500.0,7.81,sh03-11n01,sh03-11n01,x86_64,cores,16,34,64,64,11.82,"IB:HDR,CPU_MNF:AMD,CPU_GEN:MLN,CPU_SKU:7543,CPU_FRQ:2.75GHz,GPU_GEN:AMP,GPU_BRD:TESLA,GPU_SKU:A100_SXM4,GPU_MEM:80GB,GPU_CC:8.0,CLASS:SH3_G4TF64.1","IB:HDR,CPU_MNF:AMD,CPU_GEN:MLN,CPU_SKU:7543,CPU_FRQ:2.75GHz,GPU_GEN:AMP,GPU_BRD:TESLA,GPU_SKU:A100_SXM4,GPU_MEM:80GB,GPU_CC:8.0,CLASS:SH3_G4TF64.1",gpu:4(S:0-3),sh03-11n01,sh03-11n01,25.11.5,Linux,512000,489472,279515,4,1,MIXED,1,3000000,146761,N/A,N/A,owners,2026-04-25T15:00:55,2026-04-30T09:13:15,2026-04-27T20:23:20,None,"cpu=64,mem=500G,billing=249,gres/gpu=4","cpu=34,mem=478G,gres/gpu=4",1148,381,HDR,AMD,MLN,7543,2.75GHz,SH3_G4TF64.1,AMP,TESLA,A100_SXM4,80GB,8.0
51,"sh03-11n[02,04-11,13-15],sh03-16n[11-16],sh03-17n[09-11],sh03-18n14",32,256000,"IB:HDR,CPU_MNF:AMD,CPU_GEN:MLN,CPU_SKU:7543P,CPU_FRQ:2.75GHz,GPU_GEN:AMP,GPU_BRD:TESLA,GPU_SKU:A40,G",owners,22,704.0,250.0,7.81,sh03-11n02,sh03-11n02,x86_64,cores,16,22,32,32,3.08,"IB:HDR,CPU_MNF:AMD,CPU_GEN:MLN,CPU_SKU:7543P,CPU_FRQ:2.75GHz,GPU_GEN:AMP,GPU_BRD:TESLA,GPU_SKU:A40,GPU_MEM:48GB,GPU_CC:8.6,CLASS:SH3_G4FP32.2","IB:HDR,CPU_MNF:AMD,CPU_GEN:MLN,CPU_SKU:7543P,CPU_FRQ:2.75GHz,GPU_GEN:AMP,GPU_BRD:TESLA,GPU_SKU:A40,GPU_MEM:48GB,GPU_CC:8.6,CLASS:SH3_G4FP32.2",gpu:4(S:0-1),sh03-11n02,sh03-11n02,25.11.5,Linux,256000,245760,192785,2,1,MIXED,1,3600000,144361,N/A,N/A,owners,2026-04-08T22:32:12,2026-04-30T09:13:15,2026-04-14T21:49:22,None,"cpu=32,mem=250G,billing=154,gres/gpu=4","cpu=22,mem=240G,gres/gpu=3",1341,449,HDR,AMD,MLN,7543P,2.75GHz,SH3_G4FP32.2,AMP,TESLA,A40,48GB,8.6
52,"sh03-13n[03-09,12-15],sh03-14n[01-02]",32,256000,"IB:HDR,CPU_MNF:AMD,CPU_GEN:RME,CPU_SKU:7502P,CPU_FRQ:2.50GHz,GPU_GEN:TUR,GPU_BRD:GEFORCE,GPU_SKU:RTX",owners,13,416.0,250.0,7.81,sh03-13n03,sh03-13n03,x86_64,cores,16,31,32,32,9.80,"IB:HDR,CPU_MNF:AMD,CPU_GEN:RME,CPU_SKU:7502P,CPU_FRQ:2.50GHz,GPU_GEN:TUR,GPU_BRD:GEFORCE,GPU_SKU:RTX_2080Ti,GPU_MEM:11GB,GPU_CC:7.5,CLASS:SH3_G4FP32","IB:HDR,CPU_MNF:AMD,CPU_GEN:RME,CPU_SKU:7502P,CPU_FRQ:2.50GHz,GPU_GEN:TUR,GPU_BRD:GEFORCE,GPU_SKU:RTX_2080Ti,GPU_MEM:11GB,GPU_CC:7.5,CLASS:SH3_G4FP32",gpu:4(S:0-1),sh03-13n03,sh03-13n03,25.11.5,Linux,256000,203016,184069,2,1,MIXED,1,3600000,144371,N/A,N/A,owners,2026-02-03T14:30:09,2026-04-30T09:13:15,2026-04-29T00:27:48,None,"cpu=32,mem=250G,billing=154,gres/gpu=4","cpu=31,mem=203016M,gres/gpu=1",387,351,HDR,AMD,RME,7502P,2.50GHz,SH3_G4FP32,TUR,GEFORCE,RTX_2080Ti,11GB,7.5
53,sh03-13n[10-11],32,256000,"IB:HDR,CPU_MNF:AMD,CPU_GEN:RME,CPU_SKU:7502P,CPU_FRQ:2.50GHz,GPU_GEN:VLT,GPU_BRD:TESLA,GPU_SKU:V100S",owners,2,64.0,250.0,7.81,sh03-13n10,sh03-13n10,x86_64,cores,16,26,32,32,1.38,"IB:HDR,CPU_MNF:AMD,CPU_GEN:RME,CPU_SKU:7502P,CPU_FRQ:2.50GHz,GPU_GEN:VLT,GPU_BRD:TESLA,GPU_SKU:V100S_PCIE,GPU_MEM:32GB,GPU_CC:7.0,CLASS:SH3_G4FP64","IB:HDR,CPU_MNF:AMD,CPU_GEN:RME,CPU_SKU:7502P,CPU_FRQ:2.50GHz,GPU_GEN:VLT,GPU_BRD:TESLA,GPU_SKU:V100S_PCIE,GPU_MEM:32GB,GPU_CC:7.0,CLASS:SH3_G4FP64",gpu:4(S:0-1),sh03-13n10,sh03-13n10,25.11.5,Linux,256000,196608,124748,2,1,MIXED,1,3600000,144371,N/A,N/A,owners,2026-04-14T00:38:01,2026-04-30T09:13:15,2026-04-14T00:42:56,None,"cpu=32,mem=250G,billing=154,gres/gpu=4","cpu=26,mem=192G,gres/gpu=3",409,362,HDR,AMD,RME,7502P,2.50GHz,SH3_G4FP64,VLT,TESLA,V100S_PCIE,32GB,7.0
54,"sh03-13n16,sh03-16n[01,03-04]",32,256000,"IB:HDR,CPU_MNF:AMD,CPU_GEN:RME,CPU_SKU:7502P,CPU_FRQ:2.50GHz,GPU_GEN:AMP,GPU_BRD:TESLA,GPU_SKU:A100_",owners,4,128.0,250.0,7.81,sh03-13n16,sh03-13n16,x86_64,cores,16,28,32,32,11.43,"IB:HDR,CPU_MNF:AMD,CPU_GEN:RME,CPU_SKU:7502P,CPU_FRQ:2.50GHz,GPU_GEN:AMP,GPU_BRD:TESLA,GPU_SKU:A100_PCIE,GPU_MEM:40GB,GPU_CC:8.0,CLASS:SH3_G4FP64.1","IB:HDR,CPU_MNF:AMD,CPU_GEN:RME,CPU_SKU:7502P,CPU_FRQ:2.50GHz,GPU_GEN:AMP,GPU_BRD:TESLA,GPU_SKU:A100_PCIE,GPU_MEM:40GB,GPU_CC:8.0,CLASS:SH3_G4FP64.1",gpu:4(S:0-1),sh03-13n16,sh03-13n16,25.11.5,Linux,256000,221184,165083,2,1,MIXED,1,3600000,144371,N/A,N/A,owners,2026-04-08T19:24:46,2026-04-30T09:13:16,2026-04-08T20:07:45,None,"cpu=32,mem=250G,billing=154,gres/gpu=4","cpu=28,mem=216G,gres/gpu=3",1153,0,HDR,AMD,RME,7502P,2.50GHz,SH3_G4FP64.1,AMP,TESLA,A100_PCIE,40GB,8.0
55,"sh03-14n[03,05,07,09,11,13,15]",128,1024000,"IB:HDR,CPU_MNF:AMD,CPU_GEN:RME,CPU_SKU:7662,CPU_FRQ:2.00GHz,GPU_GEN:AMP,GPU_BRD:TESLA,GPU_SKU:A100_S",owners,7,896.0,1000.0,7.81,sh03-14n03,sh03-14n03,x86_64,cores,32,60,128,128,45.35,"IB:HDR,CPU_MNF:AMD,CPU_GEN:RME,CPU_SKU:7662,CPU_FRQ:2.00GHz,GPU_GEN:AMP,GPU_BRD:TESLA,GPU_SKU:A100_SXM4,GPU_MEM:40GB,GPU_CC:8.0,CLASS:SH3_G8TF64","IB:HDR,CPU_MNF:AMD,CPU_GEN:RME,CPU_SKU:7662,CPU_FRQ:2.00GHz,GPU_GEN:AMP,GPU_BRD:TESLA,GPU_SKU:A100_SXM4,GPU_MEM:40GB,GPU_CC:8.0,CLASS:SH3_G8TF64",gpu:8(S:0-3),sh03-14n03,sh03-14n03,25.11.5,Linux,1024000,1015808,792762,4,1,MIXED,1,3600000,167871,N/A,N/A,"serc,owners",2026-03-31T15:30:01,2026-04-30T09:13:16,2026-04-21T13:40:15,None,"cpu=128,mem=1000G,billing=498,gres/gpu=8","cpu=60,mem=992G,gres/gpu=8",1209,911,HDR,AMD,RME,7662,2.00GHz,SH3_G8TF64,AMP,TESLA,A100_SXM4,40GB,8.0
56,sh03-15n[06-15],32,256000,"IB:HDR,CPU_MNF:AMD,CPU_GEN:RME,CPU_SKU:7502P,CPU_FRQ:2.50GHz,GPU_GEN:AMP,GPU_BRD:GEFORCE,GPU_SKU:RTX",owners,10,320.0,250.0,7.81,sh03-15n06,sh03-15n06,x86_64,cores,16,29,32,32,8.50,"IB:HDR,CPU_MNF:AMD,CPU_GEN:RME,CPU_SKU:7502P,CPU_FRQ:2.50GHz,GPU_GEN:AMP,GPU_BRD:GEFORCE,GPU_SKU:RTX_3090,GPU_MEM:24GB,GPU_CC:8.6,CLASS:SH3_G4FP32.1","IB:HDR,CPU_MNF:AMD,CPU_GEN:RME,CPU_SKU:7502P,CPU_FRQ:2.50GHz,GPU_GEN:AMP,GPU_BRD:GEFORCE,GPU_SKU:RTX_3090,GPU_MEM:24GB,GPU_CC:8.6,CLASS:SH3_G4FP32.1",gpu:4(S:0-1),sh03-15n06,sh03-15n06,25.11.5,Linux,256000,249664,141707,2,1,MIXED,1,3600000,144371,N/A,N/A,owners,2026-01-28T08:28:41,2026-04-30T09:13:15,2026-05-02T10:26:40,None,"cpu=32,mem=250G,billing=154,gres/gpu=4","cpu=29,mem=249664M,gres/gpu=4",1602,447,HDR,AMD,RME,7502P,2.50GHz,SH3_G4FP32.1,AMP,GEFORCE,RTX_3090,24GB,8.6
57,"sh04-02n[05,07],sh04-03n[05,07],sh04-04n[05,07],sh04-05n[05,07],sh04-06n[05,07],sh04-07n[05,07]",64,1024000,"IB:NDR,CPU_MNF:INTEL,CPU_GEN:SPR,CPU_SKU:8462Y+,CPU_FRQ:2.80GHz,GPU_GEN:HPR,GPU_BRD:TESLA,GPU_SKU:H1",owners,12,768.0,1000.0,15.62,sh04-02n05,sh04-02n05,x86_64,cores,16,61,64,64,5.68,"IB:NDR,CPU_MNF:INTEL,CPU_GEN:SPR,CPU_SKU:8462Y+,CPU_FRQ:2.80GHz,GPU_GEN:HPR,GPU_BRD:TESLA,GPU_SKU:H100_SXM5,GPU_MEM:80GB,GPU_CC:9.0,CLASS:SH4_G4TF64","IB:NDR,CPU_MNF:INTEL,CPU_GEN:SPR,CPU_SKU:8462Y+,CPU_FRQ:2.80GHz,GPU_GEN:HPR,GPU_BRD:TESLA,GPU_SKU:H100_SXM5,GPU_MEM:80GB,GPU_CC:9.0,CLASS:SH4_G4TF64",gpu:4(S:0-3),sh04-02n05,sh04-02n05,25.11.5,Linux,1024000,1000448,908250,4,1,MIXED,1,14000000,147751,N/A,N/A,owners,2026-02-17T14:41:27,2026-04-30T09:13:16,2026-03-30T20:41:08,None,"cpu=64,mem=1000G,billing=374,gres/gpu=4","cpu=61,mem=977G,gres/gpu=4",1709,1047,NDR,INTEL,SPR,8462Y+,2.80GHz,SH4_G4TF64,HPR,TESLA,H100_SXM5,80GB,9.0
58,"sh04-02n[09-12],sh04-03n[09-12],sh04-04n[09-12],sh04-05n[09-12],sh04-06n[09-12],sh04-07n[09-10],sh04",32,256000,"IB:NDR,CPU_MNF:INTEL,CPU_GEN:SPR,CPU_SKU:6426Y,CPU_FRQ:2.50GHz,GPU_GEN:LOV,GPU_BRD:TESLA,GPU_SKU:L40",owners,23,736.0,250.0,7.81,sh04-02n09,sh04-02n09,x86_64,cores,8,24,32,32,2.52,"IB:NDR,CPU_MNF:INTEL,CPU_GEN:SPR,CPU_SKU:6426Y,CPU_FRQ:2.50GHz,GPU_GEN:LOV,GPU_BRD:TESLA,GPU_SKU:L40S,GPU_MEM:48GB,GPU_CC:8.9,CLASS:SH4_G4FP32","IB:NDR,CPU_MNF:INTEL,CPU_GEN:SPR,CPU_SKU:6426Y,CPU_FRQ:2.50GHz,GPU_GEN:LOV,GPU_BRD:TESLA,GPU_SKU:L40S,GPU_MEM:48GB,GPU_CC:8.9,CLASS:SH4_G4FP32",gpu:4(S:0-3),sh04-02n09,sh04-02n09,25.11.5,Linux,256000,254976,159270,4,1,MIXED,1,7000000,144351,N/A,N/A,owners,2026-04-08T18:19:08,2026-04-30T09:13:15,2026-04-24T10:35:06,None,"cpu=32,mem=250G,billing=154,gres/gpu=4","cpu=24,mem=249G,gres/gpu=4",595,519,NDR,INTEL,SPR,6426Y,2.50GHz,SH4_G4FP32,LOV,TESLA,L40S,48GB,8.9
59,"sh04-02n13,sh04-03n13,sh04-04n13,sh04-05n13,sh04-06n13,sh04-07n[13,16],sh04-08n[13,16],sh04-09n[13,1",256,1536000,"IB:NDR,CPU_MNF:AMD,CPU_GEN:BGM,CPU_SKU:9754,CPU_FRQ:2.25GHz,NO_GPU,CLASS:SH4_CSCALE",owners,10,2560.0,1500.0,5.86,sh04-02n13,sh04-02n13,x86_64,cores,64,165,256,256,102.93,"IB:NDR,CPU_MNF:AMD,CPU_GEN:BGM,CPU_SKU:9754,CPU_FRQ:2.25GHz,NO_GPU,CLASS:SH4_CSCALE","IB:NDR,CPU_MNF:AMD,CPU_GEN:BGM,CPU_SKU:9754,CPU_FRQ:2.25GHz,NO_GPU,CLASS:SH4_CSCALE",(null),sh04-02n13,sh04-02n13,25.11.5,Linux,1536000,1533952,1388612,4,1,MIXED,1,7000000,107941,N/A,N/A,owners,2026-04-08T18:12:28,2026-04-30T09:13:16,2026-04-30T09:13:16,None,"cpu=256,mem=1500G,billing=631","cpu=165,mem=1498G",487,462,NDR,AMD,BGM,9754,2.25GHz,SH4_CSCALE,,,,,
60,"sh04-02n[14-15],sh04-03n[14-16],sh04-04n[14-16],sh04-05n[14-16],sh04-06n[14-16],sh04-07n[14-15],sh04",64,384000,"IB:NDR,CPU_MNF:AMD,CPU_GEN:GEN,CPU_SKU:9384X,CPU_FRQ:3.10GHz,NO_GPU,CLASS:SH4_CPERF",owners,17,1088.0,375.0,5.86,sh04-02n14,sh04-02n14,x86_64,cores,16,46,64,64,55.40,"IB:NDR,CPU_MNF:AMD,CPU_GEN:GEN,CPU_SKU:9384X,CPU_FRQ:3.10GHz,NO_GPU,CLASS:SH4_CPERF","IB:NDR,CPU_MNF:AMD,CPU_GEN:GEN,CPU_SKU:9384X,CPU_FRQ:3.10GHz,NO_GPU,CLASS:SH4_CPERF",(null),sh04-02n14,sh04-02n14,25.11.5,Linux,384000,324224,352009,4,1,MIXED,1,3500000,105741,N/A,N/A,owners,2026-04-21T01:25:21,2026-04-30T09:13:15,2026-05-02T15:47:45,None,"cpu=64,mem=375G,billing=157","cpu=46,mem=324224M",1058,1022,NDR,AMD,GEN,9384X,3.10GHz,SH4_CPERF,,,,,
61,sh04-02n16,64,4096000,"IB:NDR,CPU_MNF:INTEL,CPU_GEN:SPR,CPU_SKU:8462Y+,CPU_FRQ:2.80GHz,NO_GPU,CLASS:SH4_CBIGMEM",owners,1,64.0,4000.0,62.5,sh04-02n16,sh04-02n16,x86_64,cores,16,58,64,64,4.73,"IB:NDR,CPU_MNF:INTEL,CPU_GEN:SPR,CPU_SKU:8462Y+,CPU_FRQ:2.80GHz,NO_GPU,CLASS:SH4_CBIGMEM","IB:NDR,CPU_MNF:INTEL,CPU_GEN:SPR,CPU_SKU:8462Y+,CPU_FRQ:2.80GHz,NO_GPU,CLASS:SH4_CBIGMEM",(null),sh04-02n16,sh04-02n16,25.11.5,Linux,4096000,1988608,3590392,4,1,MIXED,1,7000000,109751,N/A,N/A,owners,2026-02-02T04:21:32,2026-04-30T09:13:15,2026-05-03T01:32:57,None,"cpu=64,mem=4000G,billing=1064","cpu=58,mem=1942G",508,470,NDR,INTEL,SPR,8462Y+,2.80GHz,SH4_CBIGMEM,,,,,
62,"sh04-02n[17-32],sh04-03n[17-32],sh04-04n[17-32],sh04-05n[17-32],sh04-06n[17-32],sh04-07n[17-32],sh04",24,192000,"IB:NDR,CPU_MNF:AMD,CPU_GEN:SIE,CPU_SKU:8224P,CPU_FRQ:2.55GHz,NO_GPU,CLASS:SH4_CBASE",owners,97,2328.0,187.5,7.81,sh04-02n17,sh04-02n17,x86_64,cores,24,15,24,24,6.34,"IB:NDR,CPU_MNF:AMD,CPU_GEN:SIE,CPU_SKU:8224P,CPU_FRQ:2.55GHz,NO_GPU,CLASS:SH4_CBASE","IB:NDR,CPU_MNF:AMD,CPU_GEN:SIE,CPU_SKU:8224P,CPU_FRQ:2.55GHz,NO_GPU,CLASS:SH4_CBASE",(null),sh04-02n17,sh04-02n17,25.11.5,Linux,192000,91968,86533,1,1,MIXED,1,3500000,103141,N/A,N/A,owners,2026-04-08T23:22:23,2026-04-30T09:13:15,2026-05-01T16:36:42,None,"cpu=24,mem=187.50G,billing=70","cpu=15,mem=91968M",152,138,NDR,AMD,SIE,8224P,2.55GHz,SH4_CBASE,,,,,
63,"sh02-01n[61-72],sh02-02n[01-09,11-32,49-60,62-68,70-72],sh02-04n[01-53,55-72],sh02-05n[01-24,29-44,4",20,128000,"IB:EDR,CPU_MNF:INTEL,CPU_GEN:BDW,CPU_SKU:E5-2640v4,CPU_FRQ:2.40GHz,NO_GPU",owners,137,2740.0,125.0,6.25,sh02-01n61,sh02-01n61,x86_64,cores,10,20,20,20,15.95,"IB:EDR,CPU_MNF:INTEL,CPU_GEN:BDW,CPU_SKU:E5-2640v4,CPU_FRQ:2.40GHz,NO_GPU","IB:EDR,CPU_MNF:INTEL,CPU_GEN:BDW,CPU_SKU:E5-2640v4,CPU_FRQ:2.40GHz,NO_GPU",(null),sh02-01n61,sh02-01n61,25.11.5,Linux,256000,218304,233757,2,1,ALLOCATED,1,80000,104091,N/A,N/A,owners,2026-04-08T19:49:34,2026-04-30T09:13:14,2026-04-21T03:17:41,None,"cpu=20,mem=250G,billing=82","cpu=20,mem=218304M",172,76,EDR,INTEL,BDW,E5-2640v4,2.40GHz,,,,,,
64,"sh02-03n[37-72],sh02-06n[01-04,13-56],sh02-07n[04-09,11-38,41-56,59-72],sh02-08n[01-34,57-72],sh02-0",24,191000,"IB:EDR,CPU_MNF:INTEL,CPU_GEN:SKX,CPU_SKU:5118,CPU_FRQ:2.30GHz,NO_GPU",owners,199,4776.0,186.5,7.77,sh02-03n37,sh02-03n37,x86_64,cores,12,24,24,24,16.60,"IB:EDR,CPU_MNF:INTEL,CPU_GEN:SKX,CPU_SKU:5118,CPU_FRQ:2.30GHz,NO_GPU","IB:EDR,CPU_MNF:INTEL,CPU_GEN:SKX,CPU_SKU:5118,CPU_FRQ:2.30GHz,NO_GPU",(null),sh02-03n37,sh02-03n37,25.11.5,Linux,191000,152448,158599,2,1,ALLOCATED,1,190000,103181,N/A,N/A,owners,2026-01-27T16:12:13,2026-04-30T09:13:14,2026-04-15T12:57:46,None,"cpu=24,mem=191000M,billing=70","cpu=24,mem=152448M",178,135,EDR,INTEL,SKX,5118,2.30GHz,,,,,,
65,"sh02-12n[06-07],sh02-14n[05-06]",20,256000,"IB:EDR,CPU_MNF:INTEL,CPU_GEN:BDW,CPU_SKU:E5-2640v4,CPU_FRQ:2.40GHz,GPU_GEN:PSC,GPU_BRD:TESLA,GPU_SKU",owners,4,80.0,250.0,12.5,sh02-12n06,sh02-12n06,x86_64,cores,10,20,20,20,3.05,"IB:EDR,CPU_MNF:INTEL,CPU_GEN:BDW,CPU_SKU:E5-2640v4,CPU_FRQ:2.40GHz,GPU_GEN:PSC,GPU_BRD:TESLA,GPU_SKU:P100_PCIE,GPU_MEM:16GB,GPU_CC:6.0","IB:EDR,CPU_MNF:INTEL,CPU_GEN:BDW,CPU_SKU:E5-2640v4,CPU_FRQ:2.40GHz,GPU_GEN:PSC,GPU_BRD:TESLA,GPU_SKU:P100_PCIE,GPU_MEM:16GB,GPU_CC:6.0",gpu:4(S:0-1),sh02-12n06,sh02-12n06,25.11.5,Linux,512000,458752,471218,2,1,ALLOCATED,1,160000,146091,N/A,N/A,owners,2026-04-08T16:41:38,2026-04-30T09:13:14,2026-04-25T02:01:09,None,"cpu=20,mem=500G,billing=205,gres/gpu=4","cpu=20,mem=448G",297,241,EDR,INTEL,BDW,E5-2640v4,2.40GHz,,PSC,TESLA,P100_PCIE,16GB,6.0
66,"sh02-12n[09-12,14-17],sh02-13n[01-04,06-07,15],sh02-14n08,sh02-15n[03-08]",20,128000,"IB:EDR,CPU_MNF:INTEL,CPU_GEN:BDW,CPU_SKU:E5-2640v4,CPU_FRQ:2.40GHz,GPU_GEN:PSC,GPU_BRD:GEFORCE,GPU_S",owners,22,440.0,125.0,6.25,sh02-12n09,sh02-12n09,x86_64,cores,10,20,20,20,3.05,"IB:EDR,CPU_MNF:INTEL,CPU_GEN:BDW,CPU_SKU:E5-2640v4,CPU_FRQ:2.40GHz,GPU_GEN:PSC,GPU_BRD:GEFORCE,GPU_SKU:TITAN_Xp,GPU_MEM:12GB,GPU_CC:6.1","IB:EDR,CPU_MNF:INTEL,CPU_GEN:BDW,CPU_SKU:E5-2640v4,CPU_FRQ:2.40GHz,GPU_GEN:PSC,GPU_BRD:GEFORCE,GPU_SKU:TITAN_Xp,GPU_MEM:12GB,GPU_CC:6.1",gpu:4(S:0-1),sh02-12n09,sh02-12n09,25.11.5,Linux,512000,458752,473455,2,1,ALLOCATED,1,200000,146091,N/A,N/A,owners,2026-04-09T19:09:21,2026-04-30T09:13:14,2026-04-30T09:39:44,None,"cpu=20,mem=500G,billing=205,gres/gpu=4","cpu=20,mem=448G",326,288,EDR,INTEL,BDW,E5-2640v4,2.40GHz,,PSC,GEFORCE,TITAN_Xp,12GB,6.1
67,"sh02-15n[10,13],sh02-16n02",20,256000,"IB:EDR,CPU_MNF:INTEL,CPU_GEN:BDW,CPU_SKU:E5-2640v4,CPU_FRQ:2.40GHz,GPU_GEN:VLT,GPU_BRD:GEFORCE,GPU_S",owners,3,60.0,250.0,12.5,sh02-15n10,sh02-15n10,x86_64,cores,10,20,20,20,10.65,"IB:EDR,CPU_MNF:INTEL,CPU_GEN:BDW,CPU_SKU:E5-2640v4,CPU_FRQ:2.40GHz,GPU_GEN:VLT,GPU_BRD:GEFORCE,GPU_SKU:TITAN_V,GPU_MEM:12GB,GPU_CC:7.0","IB:EDR,CPU_MNF:INTEL,CPU_GEN:BDW,CPU_SKU:E5-2640v4,CPU_FRQ:2.40GHz,GPU_GEN:VLT,GPU_BRD:GEFORCE,GPU_SKU:TITAN_V,GPU_MEM:12GB,GPU_CC:7.0",gpu:4(S:0-1),sh02-15n10,sh02-15n10,25.11.5,Linux,256000,118784,188854,2,1,ALLOCATED,1,200000,144091,N/A,N/A,owners,2026-04-24T22:49:35,2026-04-30T09:13:14,2026-05-04T06:13:53,None,"cpu=20,mem=250G,billing=142,gres/gpu=4","cpu=20,mem=116G,gres/gpu=2",397,341,EDR,INTEL,BDW,E5-2640v4,2.40GHz,,VLT,GEFORCE,TITAN_V,12GB,7.0
68,"sh02-15n12,sh02-16n[04,10]",64,3072000,"IB:EDR,CPU_MNF:INTEL,CPU_GEN:SKX,CPU_SKU:6130,CPU_FRQ:2.10GHz,NO_GPU",owners,3,192.0,3000.0,46.88,sh02-15n12,sh02-15n12,x86_64,cores,16,64,64,64,5.49,"IB:EDR,CPU_MNF:INTEL,CPU_GEN:SKX,CPU_SKU:6130,CPU_FRQ:2.10GHz,NO_GPU","IB:EDR,CPU_MNF:INTEL,CPU_GEN:SKX,CPU_SKU:6130,CPU_FRQ:2.10GHz,NO_GPU",(null),sh02-15n12,sh02-15n12,25.11.5,Linux,3072000,294912,2989457,4,1,ALLOCATED,1,190000,109781,N/A,N/A,owners,2026-02-18T01:43:54,2026-04-30T09:13:14,2026-05-04T10:40:57,None,"cpu=64,mem=3000G,billing=814","cpu=64,mem=288G",689,546,EDR,INTEL,SKX,6130,2.10GHz,,,,,,
69,sh02-16n[08-09],24,191000,"IB:EDR,CPU_MNF:INTEL,CPU_GEN:SKX,CPU_SKU:5118,CPU_FRQ:2.30GHz,GPU_GEN:VLT,GPU_BRD:TESLA,GPU_SKU:V100",owners,2,48.0,186.5,7.77,sh02-16n08,sh02-16n08,x86_64,cores,12,24,24,24,13.10,"IB:EDR,CPU_MNF:INTEL,CPU_GEN:SKX,CPU_SKU:5118,CPU_FRQ:2.30GHz,GPU_GEN:VLT,GPU_BRD:TESLA,GPU_SKU:V100_PCIE,GPU_MEM:32GB,GPU_CC:7.0","IB:EDR,CPU_MNF:INTEL,CPU_GEN:SKX,CPU_SKU:5118,CPU_FRQ:2.30GHz,GPU_GEN:VLT,GPU_BRD:TESLA,GPU_SKU:V100_PCIE,GPU_MEM:32GB,GPU_CC:7.0",gpu:4(S:0),sh02-16n08,sh02-16n08,25.11.5,Linux,191000,167936,101784,2,1,ALLOCATED,1,190000,143181,N/A,N/A,"serc,owners",2026-04-12T04:44:43,2026-04-30T09:13:14,2026-04-21T04:54:38,None,"cpu=24,mem=191000M,billing=130,gres/gpu=4","cpu=24,mem=164G,gres/gpu=3",407,364,EDR,INTEL,SKX,5118,2.30GHz,,VLT,TESLA,V100_PCIE,32GB,7.0
70,sh02-16n[08-09],24,191000,"IB:EDR,CPU_MNF:INTEL,CPU_GEN:SKX,CPU_SKU:5118,CPU_FRQ:2.30GHz,GPU_GEN:VLT,GPU_BRD:TESLA,GPU_SKU:V100",owners,2,48.0,186.5,7.77,sh02-16n08,sh02-16n08,x86_64,cores,12,24,24,24,13.10,"IB:EDR,CPU_MNF:INTEL,CPU_GEN:SKX,CPU_SKU:5118,CPU_FRQ:2.30GHz,GPU_GEN:VLT,GPU_BRD:TESLA,GPU_SKU:V100_PCIE,GPU_MEM:32GB,GPU_CC:7.0","IB:EDR,CPU_MNF:INTEL,CPU_GEN:SKX,CPU_SKU:5118,CPU_FRQ:2.30GHz,GPU_GEN:VLT,GPU_BRD:TESLA,GPU_SKU:V100_PCIE,GPU_MEM:32GB,GPU_CC:7.0",gpu:4(S:0),sh02-16n08,sh02-16n08,25.11.5,Linux,191000,167936,101784,2,1,ALLOCATED,1,190000,143181,N/A,N/A,"serc,owners",2026-04-12T04:44:43,2026-04-30T09:13:14,2026-04-21T04:54:38,None,"cpu=24,mem=191000M,billing=130,gres/gpu=4","cpu=24,mem=164G,gres/gpu=3",407,364,EDR,INTEL,SKX,5118,2.30GHz,,VLT,TESLA,V100_PCIE,32GB,7.0
71,"sh03-02n[01-08,10-15,17-72],sh03-03n[01-72],sh03-04n[01-72],sh03-05n[01-72],sh03-06n[01-72]",32,256000,"IB:HDR,CPU_MNF:AMD,CPU_GEN:RME,CPU_SKU:7502,CPU_FRQ:2.50GHz,NO_GPU,CLASS:SH3_CBASE",owners,358,11456.0,250.0,7.81,sh03-02n01,sh03-02n01,x86_64,cores,16,32,32,32,15.88,"IB:HDR,CPU_MNF:AMD,CPU_GEN:RME,CPU_SKU:7502,CPU_FRQ:2.50GHz,NO_GPU,CLASS:SH3_CBASE","IB:HDR,CPU_MNF:AMD,CPU_GEN:RME,CPU_SKU:7502,CPU_FRQ:2.50GHz,NO_GPU,CLASS:SH3_CBASE",(null),sh03-02n01,sh03-02n01,25.11.5,Linux,256000,236992,233017,2,1,ALLOCATED,1,1900000,104371,N/A,N/A,owners,2026-04-08T19:50:02,2026-04-30T09:13:14,2026-05-03T21:21:20,None,"cpu=32,mem=250G,billing=94","cpu=32,mem=236992M",114,102,HDR,AMD,RME,7502,2.50GHz,SH3_CBASE,,,,,
72,"sh03-11n[17-23],sh03-17n[17-22],sh03-18n[17,19-24]",128,1024000,"IB:HDR,CPU_MNF:AMD,CPU_GEN:MLN,CPU_SKU:7763,CPU_FRQ:2.45GHz,NO_GPU,CLASS:SH3_CPERF.1",owners,20,2560.0,1000.0,7.81,sh03-11n17,sh03-11n17,x86_64,cores,32,128,128,128,35.04,"IB:HDR,CPU_MNF:AMD,CPU_GEN:MLN,CPU_SKU:7763,CPU_FRQ:2.45GHz,NO_GPU,CLASS:SH3_CPERF.1","IB:HDR,CPU_MNF:AMD,CPU_GEN:MLN,CPU_SKU:7763,CPU_FRQ:2.45GHz,NO_GPU,CLASS:SH3_CPERF.1",(null),sh03-11n17,sh03-11n17,25.11.5,Linux,1024000,921600,402167,4,1,ALLOCATED,1,3000000,107861,N/A,N/A,owners,2026-01-27T17:10:37,2026-04-30T09:13:15,2026-03-06T14:25:54,None,"cpu=128,mem=1000G,billing=378","cpu=128,mem=900G",490,462,HDR,AMD,MLN,7763,2.45GHz,SH3_CPERF.1,,,,,
73,"sh03-11n24,sh03-17n[23-24],sh03-18n18",64,4096000,"IB:HDR,CPU_MNF:AMD,CPU_GEN:MLN,CPU_SKU:7543,CPU_FRQ:2.75GHz,NO_GPU,CLASS:SH3_CBIGMEM.1",owners,4,256.0,4000.0,62.5,sh03-11n24,sh03-11n24,x86_64,cores,16,64,64,64,23.84,"IB:HDR,CPU_MNF:AMD,CPU_GEN:MLN,CPU_SKU:7543,CPU_FRQ:2.75GHz,NO_GPU,CLASS:SH3_CBIGMEM.1","IB:HDR,CPU_MNF:AMD,CPU_GEN:MLN,CPU_SKU:7543,CPU_FRQ:2.75GHz,NO_GPU,CLASS:SH3_CBIGMEM.1",(null),sh03-11n24,sh03-11n24,25.11.5,Linux,4096000,2007040,3907639,4,1,ALLOCATED,1,3000000,109761,N/A,N/A,owners,2026-03-10T19:10:23,2026-04-30T09:13:15,2026-03-26T15:08:49,None,"cpu=64,mem=4000G,billing=1064","cpu=64,mem=1960G",486,459,HDR,AMD,MLN,7543,2.75GHz,SH3_CBIGMEM.1,,,,,
74,"sh03-12n[20-24],sh03-13n[18-24],sh03-14n[17-24],sh03-15n[17-24],sh03-16n[17-24]",128,1024000,"IB:HDR,CPU_MNF:AMD,CPU_GEN:RME,CPU_SKU:7742,CPU_FRQ:2.25GHz,NO_GPU,CLASS:SH3_CPERF",owners,36,4608.0,1000.0,7.81,sh03-12n20,sh03-12n20,x86_64,cores,32,128,128,128,109.05,"IB:HDR,CPU_MNF:AMD,CPU_GEN:RME,CPU_SKU:7742,CPU_FRQ:2.25GHz,NO_GPU,CLASS:SH3_CPERF","IB:HDR,CPU_MNF:AMD,CPU_GEN:RME,CPU_SKU:7742,CPU_FRQ:2.25GHz,NO_GPU,CLASS:SH3_CPERF",(null),sh03-12n20,sh03-12n20,25.11.5,Linux,1024000,983040,953893,4,1,ALLOCATED,1,3000000,107871,N/A,N/A,owners,2026-02-16T01:12:10,2026-04-30T09:13:15,2026-05-03T22:44:51,None,"cpu=128,mem=1000G,billing=378","cpu=128,mem=960G",485,354,HDR,AMD,RME,7742,2.25GHz,SH3_CPERF,,,,,
75,sh03-13n17,64,4096000,"IB:HDR,CPU_MNF:AMD,CPU_GEN:RME,CPU_SKU:7502,CPU_FRQ:2.50GHz,NO_GPU,CLASS:SH3_CBIGMEM",owners,1,64.0,4000.0,62.5,sh03-13n17,sh03-13n17,x86_64,cores,16,64,64,64,49.71,"IB:HDR,CPU_MNF:AMD,CPU_GEN:RME,CPU_SKU:7502,CPU_FRQ:2.50GHz,NO_GPU,CLASS:SH3_CBIGMEM","IB:HDR,CPU_MNF:AMD,CPU_GEN:RME,CPU_SKU:7502,CPU_FRQ:2.50GHz,NO_GPU,CLASS:SH3_CBIGMEM",(null),sh03-13n17,sh03-13n17,25.11.5,Linux,4096000,1114112,3614776,4,1,ALLOCATED,1,3000000,109771,N/A,N/A,owners,2026-01-27T16:52:16,2026-04-30T09:13:15,2026-04-29T19:07:38,None,"cpu=64,mem=4000G,billing=1064","cpu=64,mem=1088G",473,426,HDR,AMD,RME,7502,2.50GHz,SH3_CBIGMEM,,,,,
76,"sh04-02n01,sh04-03n01,sh04-04n01,sh04-05n01,sh04-06n01,sh04-07n01,sh04-08n01,sh04-09n01,sh04-10n01,s",64,2048000,"IB:NDR,CPU_MNF:INTEL,CPU_GEN:SPR,CPU_SKU:8462Y+,CPU_FRQ:2.80GHz,GPU_GEN:HPR,GPU_BRD:TESLA,GPU_SKU:H1",owners,10,640.0,2000.0,31.25,sh04-02n01,sh04-02n01,x86_64,cores,16,64,64,64,23.27,"IB:NDR,CPU_MNF:INTEL,CPU_GEN:SPR,CPU_SKU:8462Y+,CPU_FRQ:2.80GHz,GPU_GEN:HPR,GPU_BRD:TESLA,GPU_SKU:H100_SXM5,GPU_MEM:80GB,GPU_CC:9.0,CLASS:SH4_G8TF64","IB:NDR,CPU_MNF:INTEL,CPU_GEN:SPR,CPU_SKU:8462Y+,CPU_FRQ:2.80GHz,GPU_GEN:HPR,GPU_BRD:TESLA,GPU_SKU:H100_SXM5,GPU_MEM:80GB,GPU_CC:9.0,CLASS:SH4_G8TF64",gpu:8(S:0-3),sh04-02n01,sh04-02n01,25.11.5,Linux,2048000,1654784,1755598,4,1,ALLOCATED,1,28000000,168751,N/A,N/A,owners,2026-03-17T21:36:50,2026-04-30T09:13:16,2026-03-30T16:38:36,None,"cpu=64,mem=2000G,billing=684,gres/gpu=8","cpu=64,mem=1616G,gres/gpu=5",3275,1966,NDR,INTEL,SPR,8462Y+,2.80GHz,SH4_G8TF64,HPR,TESLA,H100_SXM5,80GB,9.0
77,"sh04-08n[05,09],sh04-09n[05,09],sh04-10n[05,09],sh04-15n[05,09],sh04-16n[05,09],sh04-17n05",64,2048000,"IB:NDR,CPU_MNF:INTEL,CPU_GEN:SPR,CPU_SKU:8462Y+,CPU_FRQ:2.80GHz,GPU_GEN:HPR,GPU_BRD:TESLA,GPU_SKU:H2",owners,11,704.0,2000.0,31.25,sh04-08n05,sh04-08n05,x86_64,cores,16,64,64,64,26.57,"IB:NDR,CPU_MNF:INTEL,CPU_GEN:SPR,CPU_SKU:8462Y+,CPU_FRQ:2.80GHz,GPU_GEN:HPR,GPU_BRD:TESLA,GPU_SKU:H200_SXM5,GPU_MEM:141GB,GPU_CC:9.0,CLASS:SH4_G8TF64.1","IB:NDR,CPU_MNF:INTEL,CPU_GEN:SPR,CPU_SKU:8462Y+,CPU_FRQ:2.80GHz,GPU_GEN:HPR,GPU_BRD:TESLA,GPU_SKU:H200_SXM5,GPU_MEM:141GB,GPU_CC:9.0,CLASS:SH4_G8TF64.1",gpu:8(S:0-3),sh04-08n05,sh04-08n05,25.11.5,Linux,2048000,1769472,1657066,4,1,ALLOCATED,1,28000000,168751,N/A,N/A,owners,2026-03-29T16:24:25,2026-04-30T09:13:18,2026-04-30T09:13:16,None,"cpu=64,mem=2000G,billing=684,gres/gpu=8","cpu=64,mem=1728G,gres/gpu=8",3687,2264,NDR,INTEL,SPR,8462Y+,2.80GHz,SH4_G8TF64.1,HPR,TESLA,H200_SXM5,141GB,9.0
